nome,empresa,cargo,instagram,cidade,observacoes
Ursula Souza,Nexora,Gerente Comercial,ursula.souza1,Curitiba,Indicação
Elena Souza,HealthSync,Account Executive,elena.souza2,Rio de Janeiro,
Nicolas Santos,Nexora,CTO,nicolas.santos3,Curitiba,Indicação
Queila Melo,Nexora,Account Executive,queila.melo4,Curitiba,
Nicolas Almeida,Finovate,VP Comercial,nicolas.almeida5,Porto Alegre,
Yasmin Costa,EduSpark,Founder,yasmin.costa6,Brasília,Evento 2026
Elena Pereira,RetailHub,Diretor de Marketing,elena.pereira7,Rio de Janeiro,
Marina Souza,Cloudwise,Diretor de Marketing,marina.souza8,Campinas,Evento 2026
Zeca Santos,EduSpark,Growth Lead,zeca.santos9,Florianópolis,
Marina Oliveira,LogiPrime,Gerente Comercial,marina.oliveira10,Campinas,Evento 2026
Sofia Pereira,EduSpark,CTO,sofia.pereira11,São Paulo,Indicação
Yasmin Ferreira,Voltare,Head de Vendas,yasmin.ferreira12,Rio de Janeiro,Warm lead
Iris Rocha,HealthSync,Diretor de Marketing,iris.rocha13,Belo Horizonte,Evento 2026
Lucas Pereira,HealthSync,Gerente Comercial,lucas.pereira14,Rio de Janeiro,
Ursula Costa,LogiPrime,Head de Vendas,ursula.costa15,Belo Horizonte,Warm lead
Marina Nascimento,MediaWave,Account Executive,marina.nascimento16,Curitiba,Evento 2026
Yasmin Santos,Pinnacle BR,CEO,yasmin.santos17,Brasília,Warm lead
Iris Oliveira,Pinnacle BR,VP Comercial,iris.oliveira18,Brasília,Indicação
Ursula Martins,MercadoÁgil,Growth Lead,ursula.martins19,Belo Horizonte,Evento 2026
Elena Almeida,EduSpark,Account Executive,elena.almeida20,Florianópolis,Evento 2026
Xavier Carvalho,MercadoÁgil,VP Comercial,xavier.carvalho21,Recife,Evento 2026
Hugo Lima,LogiPrime,Growth Lead,hugo.lima22,Rio de Janeiro,
Diego Lima,HealthSync,CMO,diego.lima23,Recife,
Carla Araújo,MercadoÁgil,VP Comercial,carla.araújo24,Salvador,
Iris Ribeiro,AgroTech,CEO,iris.ribeiro25,Rio de Janeiro,
Yasmin Nascimento,RetailHub,Diretor de Marketing,yasmin.nascimento26,Rio de Janeiro,Evento 2026
Nicolas Costa,Finovate,CEO,nicolas.costa27,Porto Alegre,
Yasmin Costa,LogiPrime,CTO,yasmin.costa28,Porto Alegre,
Thiago Pereira,Aurion,Diretor de Marketing,thiago.pereira29,Belo Horizonte,
Yasmin Gomes,MediaWave,CEO,yasmin.gomes30,Campinas,Evento 2026
Pedro Silva,Voltare,Diretor de Marketing,pedro.silva31,Porto Alegre,Indicação
Bruno Almeida,MediaWave,VP Comercial,bruno.almeida32,Rio de Janeiro,
Xavier Martins,AgroTech,CTO,xavier.martins33,Florianópolis,Indicação
Elena Martins,LogiPrime,CMO,elena.martins34,Porto Alegre,
Thiago Barbosa,Pinnacle BR,Account Executive,thiago.barbosa35,Curitiba,Evento 2026
Marina Alves,Finovate,Account Executive,marina.alves36,Salvador,
Hugo Almeida,Voltare,Diretor de Marketing,hugo.almeida37,São Paulo,
Rafael Almeida,EcoBuild,Head de Vendas,rafael.almeida38,São Paulo,
Wendy Santos,Pinnacle BR,CTO,wendy.santos39,São Paulo,Evento 2026
Carla Gomes,Pinnacle BR,Gerente Comercial,carla.gomes40,Salvador,Indicação
Rafael Lima,EduSpark,VP Comercial,rafael.lima41,Campinas,Warm lead
Hugo Martins,RetailHub,Founder,hugo.martins42,Curitiba,
Diego Barbosa,Cloudwise,Founder,diego.barbosa43,Recife,Warm lead
Xavier Santos,HealthSync,CTO,xavier.santos44,São Paulo,Warm lead
Xavier Rodrigues,RetailHub,CTO,xavier.rodrigues45,Curitiba,Indicação
Gabriela Ribeiro,Finovate,CMO,gabriela.ribeiro46,Recife,Indicação
Iris Rocha,Pinnacle BR,CTO,iris.rocha47,Salvador,
Diego Santos,HealthSync,Account Executive,diego.santos48,São Paulo,
Yasmin Almeida,Aurion,Founder,yasmin.almeida49,Salvador,Warm lead
Gabriela Araújo,MediaWave,CEO,gabriela.araújo50,Belo Horizonte,Warm lead
Ana Araújo,Dataforge,Growth Lead,ana.araújo51,Porto Alegre,Warm lead
Wendy Ribeiro,HealthSync,Growth Lead,wendy.ribeiro52,Belo Horizonte,Indicação
João Pereira,Nexora,VP Comercial,joão.pereira53,Florianópolis,
Xavier Rodrigues,Nexora,CEO,xavier.rodrigues54,Campinas,Warm lead
Queila Gomes,Aurion,CEO,queila.gomes55,Florianópolis,
Felipe Oliveira,EcoBuild,CTO,felipe.oliveira56,Curitiba,Warm lead
Diego Carvalho,Pinnacle BR,VP Comercial,diego.carvalho57,Campinas,
Thiago Oliveira,MercadoÁgil,VP Comercial,thiago.oliveira58,Campinas,
Karina Nascimento,Pinnacle BR,Diretor de Marketing,karina.nascimento59,Curitiba,Evento 2026
Marina Lima,HealthSync,Gerente Comercial,marina.lima60,Salvador,Evento 2026
Yasmin Oliveira,Nexora,Growth Lead,yasmin.oliveira61,Campinas,
Diego Oliveira,LogiPrime,Head de Vendas,diego.oliveira62,Florianópolis,Evento 2026
Elena Alves,MediaWave,CTO,elena.alves63,Curitiba,Evento 2026
João Costa,Finovate,Account Executive,joão.costa64,Porto Alegre,
Zeca Gomes,Nexora,Account Executive,zeca.gomes65,Porto Alegre,
Elena Nascimento,Voltare,CTO,elena.nascimento66,Florianópolis,Indicação
Iris Ferreira,EcoBuild,Head de Vendas,iris.ferreira67,Brasília,Indicação
Vitor Nascimento,LogiPrime,Growth Lead,vitor.nascimento68,Porto Alegre,
Carla Barbosa,AgroTech,Gerente Comercial,carla.barbosa69,São Paulo,
Karina Lima,HealthSync,Gerente Comercial,karina.lima70,Belo Horizonte,Warm lead
Rafael Barbosa,LogiPrime,CEO,rafael.barbosa71,Rio de Janeiro,
Wendy Lima,LogiPrime,CEO,wendy.lima72,Brasília,
Rafael Lima,MercadoÁgil,CMO,rafael.lima73,São Paulo,Evento 2026
Lucas Santos,MediaWave,Diretor de Marketing,lucas.santos74,Curitiba,Indicação
Vitor Souza,Cloudwise,Account Executive,vitor.souza75,Recife,
Xavier Lima,MediaWave,Head de Vendas,xavier.lima76,Belo Horizonte,Indicação
Nicolas Silva,Aurion,Diretor de Marketing,nicolas.silva77,Recife,Indicação
Iris Costa,RetailHub,CTO,iris.costa78,Recife,
Pedro Almeida,Pinnacle BR,Growth Lead,pedro.almeida79,Brasília,Evento 2026
Zeca Almeida,Pinnacle BR,CEO,zeca.almeida80,Curitiba,Warm lead
Karina Nascimento,AgroTech,CTO,karina.nascimento81,Porto Alegre,Evento 2026
Ursula Gomes,MercadoÁgil,Account Executive,ursula.gomes82,Brasília,
Diego Nascimento,Aurion,VP Comercial,diego.nascimento83,Porto Alegre,
Diego Melo,MercadoÁgil,Diretor de Marketing,diego.melo84,Brasília,Warm lead
Thiago Gomes,Voltare,Founder,thiago.gomes85,Campinas,Indicação
Iris Santos,EduSpark,Founder,iris.santos86,São Paulo,
Zeca Ribeiro,HealthSync,Head de Vendas,zeca.ribeiro87,Brasília,Warm lead
Carla Rodrigues,EcoBuild,Diretor de Marketing,carla.rodrigues88,Rio de Janeiro,Evento 2026
Queila Ferreira,HealthSync,Founder,queila.ferreira89,Brasília,Warm lead
Wendy Ferreira,LogiPrime,CMO,wendy.ferreira90,Curitiba,Warm lead
Vitor Araújo,HealthSync,CMO,vitor.araújo91,Campinas,
João Araújo,LogiPrime,CEO,joão.araújo92,Porto Alegre,Evento 2026
Gabriela Barbosa,RetailHub,VP Comercial,gabriela.barbosa93,Campinas,Evento 2026
Olivia Rocha,Finovate,Head de Vendas,olivia.rocha94,Florianópolis,Warm lead
Zeca Costa,HealthSync,CTO,zeca.costa95,Porto Alegre,
Vitor Melo,Cloudwise,CTO,vitor.melo96,Curitiba,Evento 2026
Hugo Pereira,Aurion,CEO,hugo.pereira97,São Paulo,Indicação
Pedro Melo,AgroTech,CTO,pedro.melo98,Salvador,Warm lead
Ursula Carvalho,Pinnacle BR,Founder,ursula.carvalho99,Salvador,Warm lead
Hugo Lima,HealthSync,CEO,hugo.lima100,Rio de Janeiro,Warm lead
Hugo Costa,RetailHub,Account Executive,hugo.costa101,Salvador,
Rafael Almeida,MediaWave,CTO,rafael.almeida102,Salvador,Indicação
Zeca Rocha,HealthSync,Account Executive,zeca.rocha103,Florianópolis,
Karina Rocha,EcoBuild,Account Executive,karina.rocha104,Recife,
Olivia Costa,EduSpark,Growth Lead,olivia.costa105,Salvador,Evento 2026
Yasmin Almeida,AgroTech,Gerente Comercial,yasmin.almeida106,Florianópolis,Warm lead
Ursula Almeida,Dataforge,Growth Lead,ursula.almeida107,Rio de Janeiro,Evento 2026
Hugo Nascimento,Cloudwise,Diretor de Marketing,hugo.nascimento108,Florianópolis,
Elena Lima,Pinnacle BR,Founder,elena.lima109,Belo Horizonte,Indicação
Carla Barbosa,MercadoÁgil,Diretor de Marketing,carla.barbosa110,Florianópolis,Warm lead
Nicolas Santos,Pinnacle BR,Founder,nicolas.santos111,Recife,
Wendy Silva,AgroTech,VP Comercial,wendy.silva112,Recife,Warm lead
Ana Alves,Dataforge,Founder,ana.alves113,Recife,
Xavier Ribeiro,RetailHub,VP Comercial,xavier.ribeiro114,Curitiba,Warm lead
Hugo Nascimento,MercadoÁgil,Growth Lead,hugo.nascimento115,São Paulo,Warm lead
Karina Araújo,EduSpark,CMO,karina.araújo116,Salvador,Indicação
Thiago Ribeiro,Nexora,Founder,thiago.ribeiro117,Campinas,
Vitor Silva,Voltare,Founder,vitor.silva118,Belo Horizonte,Warm lead
Felipe Santos,Dataforge,Founder,felipe.santos119,Brasília,Indicação
Olivia Rodrigues,Cloudwise,Founder,olivia.rodrigues120,Porto Alegre,Warm lead
Iris Oliveira,Finovate,CEO,iris.oliveira121,Florianópolis,
Lucas Almeida,HealthSync,CTO,lucas.almeida122,São Paulo,
Hugo Pereira,AgroTech,CEO,hugo.pereira123,Campinas,Indicação
Hugo Lima,Finovate,CTO,hugo.lima124,Campinas,Indicação
Olivia Nascimento,RetailHub,Diretor de Marketing,olivia.nascimento125,Belo Horizonte,
Thiago Souza,RetailHub,CMO,thiago.souza126,Porto Alegre,
Sofia Silva,MediaWave,Gerente Comercial,sofia.silva127,Campinas,Warm lead
Marina Pereira,Voltare,VP Comercial,marina.pereira128,Curitiba,
Wendy Ferreira,AgroTech,VP Comercial,wendy.ferreira129,Rio de Janeiro,
Zeca Santos,Cloudwise,Account Executive,zeca.santos130,Recife,Evento 2026
Carla Gomes,HealthSync,Diretor de Marketing,carla.gomes131,São Paulo,Warm lead
Pedro Souza,MercadoÁgil,Diretor de Marketing,pedro.souza132,Salvador,Indicação
Nicolas Costa,EduSpark,Account Executive,nicolas.costa133,Porto Alegre,
Zeca Ribeiro,RetailHub,Growth Lead,zeca.ribeiro134,Salvador,Warm lead
Xavier Carvalho,Dataforge,Diretor de Marketing,xavier.carvalho135,Curitiba,
Iris Rocha,Pinnacle BR,Growth Lead,iris.rocha136,Campinas,
Vitor Araújo,Cloudwise,CEO,vitor.araújo137,Salvador,Evento 2026
Felipe Martins,Pinnacle BR,Diretor de Marketing,felipe.martins138,Porto Alegre,Evento 2026
Iris Melo,EduSpark,Gerente Comercial,iris.melo139,Florianópolis,
Queila Pereira,Voltare,Head de Vendas,queila.pereira140,Recife,Warm lead
Rafael Almeida,EduSpark,Growth Lead,rafael.almeida141,Salvador,Warm lead
Zeca Silva,Voltare,Gerente Comercial,zeca.silva142,Curitiba,Warm lead
Wendy Almeida,Dataforge,VP Comercial,wendy.almeida143,Brasília,Warm lead
Rafael Gomes,Cloudwise,Founder,rafael.gomes144,Florianópolis,Evento 2026
Lucas Rocha,Dataforge,Gerente Comercial,lucas.rocha145,Porto Alegre,Indicação
Diego Pereira,Cloudwise,CTO,diego.pereira146,Florianópolis,Indicação
Gabriela Pereira,EduSpark,Growth Lead,gabriela.pereira147,Porto Alegre,
Yasmin Gomes,EcoBuild,Gerente Comercial,yasmin.gomes148,Rio de Janeiro,Indicação
João Almeida,Cloudwise,CMO,joão.almeida149,Porto Alegre,
Wendy Ribeiro,Aurion,Gerente Comercial,wendy.ribeiro150,São Paulo,
Rafael Ferreira,EduSpark,CMO,rafael.ferreira151,Salvador,
Ana Carvalho,Dataforge,Growth Lead,ana.carvalho152,Salvador,Warm lead
Karina Costa,Nexora,Gerente Comercial,karina.costa153,Salvador,
Carla Araújo,Finovate,CTO,carla.araújo154,Campinas,
Elena Lima,RetailHub,VP Comercial,elena.lima155,Porto Alegre,
Hugo Souza,LogiPrime,Founder,hugo.souza156,Campinas,
Zeca Melo,Pinnacle BR,Account Executive,zeca.melo157,Recife,Warm lead
Olivia Ferreira,AgroTech,VP Comercial,olivia.ferreira158,Recife,Evento 2026
Sofia Melo,Nexora,VP Comercial,sofia.melo159,Rio de Janeiro,Indicação
Ursula Pereira,Dataforge,CTO,ursula.pereira160,Belo Horizonte,Indicação
Felipe Ribeiro,Voltare,CMO,felipe.ribeiro161,São Paulo,Warm lead
Olivia Melo,Finovate,Gerente Comercial,olivia.melo162,São Paulo,Indicação
João Ferreira,EduSpark,Growth Lead,joão.ferreira163,Rio de Janeiro,Indicação
Iris Carvalho,HealthSync,Head de Vendas,iris.carvalho164,Recife,
Rafael Almeida,HealthSync,CMO,rafael.almeida165,Porto Alegre,Indicação
Carla Santos,Aurion,Gerente Comercial,carla.santos166,Campinas,
João Rocha,Voltare,Growth Lead,joão.rocha167,Porto Alegre,Warm lead
Iris Gomes,LogiPrime,Growth Lead,iris.gomes168,Salvador,
Thiago Santos,MediaWave,Founder,thiago.santos169,Brasília,
Iris Silva,Voltare,Head de Vendas,iris.silva170,Campinas,
Ana Nascimento,EcoBuild,CEO,ana.nascimento171,Belo Horizonte,Warm lead
Queila Rocha,MediaWave,Gerente Comercial,queila.rocha172,Belo Horizonte,
Nicolas Martins,Voltare,Growth Lead,nicolas.martins173,Brasília,Warm lead
Karina Rodrigues,HealthSync,CTO,karina.rodrigues174,Belo Horizonte,Evento 2026
Nicolas Martins,Dataforge,Founder,nicolas.martins175,Florianópolis,
Olivia Oliveira,Cloudwise,Gerente Comercial,olivia.oliveira176,Brasília,
Yasmin Araújo,AgroTech,Account Executive,yasmin.araújo177,São Paulo,
Olivia Barbosa,Nexora,Head de Vendas,olivia.barbosa178,Florianópolis,Evento 2026
Thiago Martins,HealthSync,Growth Lead,thiago.martins179,São Paulo,Indicação
Iris Ribeiro,Aurion,Gerente Comercial,iris.ribeiro180,Salvador,Warm lead
Diego Silva,HealthSync,VP Comercial,diego.silva181,Curitiba,Indicação
João Ribeiro,Nexora,Account Executive,joão.ribeiro182,Recife,
Hugo Souza,Finovate,CTO,hugo.souza183,Belo Horizonte,Warm lead
Wendy Ferreira,LogiPrime,Gerente Comercial,wendy.ferreira184,Recife,Warm lead
Pedro Almeida,Finovate,Account Executive,pedro.almeida185,Belo Horizonte,Warm lead
Gabriela Melo,LogiPrime,CMO,gabriela.melo186,Rio de Janeiro,Evento 2026
Yasmin Barbosa,Cloudwise,Account Executive,yasmin.barbosa187,Porto Alegre,
João Ferreira,AgroTech,VP Comercial,joão.ferreira188,Campinas,Warm lead
Elena Rocha,LogiPrime,Growth Lead,elena.rocha189,Brasília,Evento 2026
Rafael Ribeiro,MercadoÁgil,Growth Lead,rafael.ribeiro190,Brasília,Indicação
Wendy Almeida,EcoBuild,Founder,wendy.almeida191,Curitiba,Warm lead
Bruno Rodrigues,EduSpark,Growth Lead,bruno.rodrigues192,Recife,Warm lead
Vitor Lima,Finovate,CEO,vitor.lima193,Belo Horizonte,
Sofia Rodrigues,AgroTech,CTO,sofia.rodrigues194,Salvador,
Queila Rocha,Nexora,CMO,queila.rocha195,Recife,Indicação
Carla Martins,RetailHub,Gerente Comercial,carla.martins196,Brasília,
Wendy Araújo,HealthSync,CTO,wendy.araújo197,Brasília,
Marina Rodrigues,HealthSync,Growth Lead,marina.rodrigues198,Florianópolis,
Thiago Oliveira,Pinnacle BR,Gerente Comercial,thiago.oliveira199,Curitiba,
Nicolas Souza,RetailHub,CTO,nicolas.souza200,Salvador,Indicação
Wendy Ferreira,MediaWave,CEO,wendy.ferreira201,São Paulo,Evento 2026
Zeca Santos,Dataforge,Diretor de Marketing,zeca.santos202,Brasília,Warm lead
Elena Almeida,LogiPrime,Founder,elena.almeida203,Campinas,Indicação
Felipe Costa,Voltare,VP Comercial,felipe.costa204,Recife,
Vitor Almeida,Finovate,VP Comercial,vitor.almeida205,Belo Horizonte,Indicação
Olivia Nascimento,Finovate,Gerente Comercial,olivia.nascimento206,São Paulo,Warm lead
João Ribeiro,Aurion,CTO,joão.ribeiro207,Salvador,Evento 2026
Sofia Ferreira,HealthSync,Founder,sofia.ferreira208,Porto Alegre,Warm lead
João Pereira,MercadoÁgil,Growth Lead,joão.pereira209,Rio de Janeiro,Indicação
Marina Carvalho,Cloudwise,VP Comercial,marina.carvalho210,Porto Alegre,Evento 2026
Ana Araújo,Dataforge,CEO,ana.araújo211,Campinas,
Thiago Martins,AgroTech,Gerente Comercial,thiago.martins212,Curitiba,
Zeca Alves,Pinnacle BR,Head de Vendas,zeca.alves213,Campinas,Evento 2026
Vitor Lima,HealthSync,CTO,vitor.lima214,São Paulo,Evento 2026
Zeca Rocha,Nexora,VP Comercial,zeca.rocha215,Brasília,Indicação
Carla Ferreira,Cloudwise,Founder,carla.ferreira216,Belo Horizonte,Indicação
Elena Ribeiro,MediaWave,Diretor de Marketing,elena.ribeiro217,Florianópolis,
Iris Costa,Dataforge,Growth Lead,iris.costa218,Porto Alegre,Evento 2026
Zeca Souza,Finovate,CTO,zeca.souza219,Belo Horizonte,Indicação
Vitor Araújo,AgroTech,Account Executive,vitor.araújo220,Brasília,
Zeca Araújo,Nexora,Gerente Comercial,zeca.araújo221,Florianópolis,
Olivia Alves,HealthSync,Gerente Comercial,olivia.alves222,Campinas,Warm lead
Ursula Alves,Voltare,Head de Vendas,ursula.alves223,Salvador,
Thiago Ribeiro,Cloudwise,VP Comercial,thiago.ribeiro224,Curitiba,
Ursula Rocha,MediaWave,Gerente Comercial,ursula.rocha225,Recife,
Elena Santos,Nexora,Gerente Comercial,elena.santos226,Salvador,
Diego Almeida,MediaWave,Account Executive,diego.almeida227,Belo Horizonte,Warm lead
Olivia Alves,HealthSync,Account Executive,olivia.alves228,Recife,
Xavier Lima,MediaWave,Founder,xavier.lima229,Rio de Janeiro,Warm lead
Thiago Barbosa,Dataforge,CEO,thiago.barbosa230,Brasília,Indicação
Olivia Rocha,Pinnacle BR,Diretor de Marketing,olivia.rocha231,Rio de Janeiro,Evento 2026
Rafael Alves,Nexora,Founder,rafael.alves232,Porto Alegre,Indicação
Diego Rocha,Voltare,Head de Vendas,diego.rocha233,Campinas,
Bruno Rodrigues,Pinnacle BR,CMO,bruno.rodrigues234,Campinas,Indicação
Carla Ribeiro,Pinnacle BR,VP Comercial,carla.ribeiro235,Curitiba,Indicação
Karina Lima,RetailHub,VP Comercial,karina.lima236,São Paulo,Evento 2026
Elena Lima,LogiPrime,Gerente Comercial,elena.lima237,Belo Horizonte,
Vitor Silva,Aurion,CEO,vitor.silva238,Brasília,Indicação
Sofia Rodrigues,Nexora,CMO,sofia.rodrigues239,Porto Alegre,
Elena Barbosa,LogiPrime,CTO,elena.barbosa240,Rio de Janeiro,Warm lead
Olivia Alves,LogiPrime,VP Comercial,olivia.alves241,Rio de Janeiro,Warm lead
Queila Almeida,EcoBuild,CEO,queila.almeida242,Florianópolis,Evento 2026
Olivia Silva,Nexora,Growth Lead,olivia.silva243,Recife,Warm lead
Vitor Souza,Finovate,Growth Lead,vitor.souza244,Rio de Janeiro,
Karina Melo,Aurion,CTO,karina.melo245,Belo Horizonte,Evento 2026
Thiago Carvalho,LogiPrime,Diretor de Marketing,thiago.carvalho246,Recife,
Queila Ferreira,Finovate,Account Executive,queila.ferreira247,Campinas,Warm lead
Diego Souza,AgroTech,Account Executive,diego.souza248,Curitiba,Warm lead
Olivia Almeida,MercadoÁgil,Diretor de Marketing,olivia.almeida249,Salvador,Warm lead
Nicolas Souza,Cloudwise,Founder,nicolas.souza250,Brasília,Evento 2026
Lucas Lima,HealthSync,Growth Lead,lucas.lima251,Rio de Janeiro,
Carla Oliveira,MercadoÁgil,CTO,carla.oliveira252,Brasília,Indicação
Rafael Santos,EcoBuild,Account Executive,rafael.santos253,Florianópolis,Evento 2026
Vitor Souza,MercadoÁgil,Diretor de Marketing,vitor.souza254,Recife,
João Melo,Dataforge,Diretor de Marketing,joão.melo255,Rio de Janeiro,
Queila Pereira,Aurion,Growth Lead,queila.pereira256,Curitiba,
Lucas Ribeiro,Cloudwise,CTO,lucas.ribeiro257,Porto Alegre,
Hugo Barbosa,AgroTech,Account Executive,hugo.barbosa258,Campinas,
Vitor Ribeiro,Nexora,VP Comercial,vitor.ribeiro259,Porto Alegre,
Felipe Nascimento,EduSpark,Gerente Comercial,felipe.nascimento260,Brasília,Evento 2026
Ana Costa,AgroTech,CMO,ana.costa261,Campinas,Warm lead
Carla Lima,EduSpark,CEO,carla.lima262,Rio de Janeiro,
Gabriela Araújo,MercadoÁgil,Growth Lead,gabriela.araújo263,Brasília,Indicação
Lucas Ferreira,EduSpark,Diretor de Marketing,lucas.ferreira264,Campinas,
Carla Santos,Aurion,CMO,carla.santos265,Campinas,
Vitor Oliveira,Dataforge,Growth Lead,vitor.oliveira266,Recife,Warm lead
Thiago Rocha,MercadoÁgil,Gerente Comercial,thiago.rocha267,Curitiba,
Diego Alves,MercadoÁgil,CTO,diego.alves268,Porto Alegre,
Pedro Gomes,HealthSync,Gerente Comercial,pedro.gomes269,São Paulo,Indicação
Marina Melo,Nexora,CEO,marina.melo270,Curitiba,Evento 2026
Gabriela Lima,RetailHub,Gerente Comercial,gabriela.lima271,Porto Alegre,Evento 2026
Diego Silva,Finovate,Founder,diego.silva272,Belo Horizonte,Indicação
Marina Ribeiro,EduSpark,Head de Vendas,marina.ribeiro273,Florianópolis,
Vitor Alves,Voltare,Founder,vitor.alves274,São Paulo,Warm lead
Ana Rocha,MediaWave,CTO,ana.rocha275,Brasília,
Nicolas Carvalho,MercadoÁgil,Founder,nicolas.carvalho276,Porto Alegre,
Marina Silva,Cloudwise,CMO,marina.silva277,Campinas,Warm lead
Wendy Alves,Voltare,Founder,wendy.alves278,Rio de Janeiro,Indicação
Nicolas Carvalho,MercadoÁgil,Account Executive,nicolas.carvalho279,Rio de Janeiro,Warm lead
João Rodrigues,Pinnacle BR,Diretor de Marketing,joão.rodrigues280,Belo Horizonte,
Queila Souza,LogiPrime,Account Executive,queila.souza281,Curitiba,Evento 2026
Lucas Lima,Pinnacle BR,CTO,lucas.lima282,Belo Horizonte,Evento 2026
Gabriela Costa,EcoBuild,CMO,gabriela.costa283,Rio de Janeiro,Indicação
Yasmin Martins,Finovate,VP Comercial,yasmin.martins284,Campinas,Warm lead
Vitor Carvalho,HealthSync,VP Comercial,vitor.carvalho285,Brasília,Evento 2026
Elena Rocha,Voltare,Growth Lead,elena.rocha286,Salvador,Evento 2026
Zeca Nascimento,EcoBuild,CEO,zeca.nascimento287,Brasília,
Carla Ferreira,Finovate,Growth Lead,carla.ferreira288,São Paulo,
Lucas Ferreira,Voltare,CTO,lucas.ferreira289,Campinas,
Queila Araújo,Finovate,VP Comercial,queila.araújo290,Florianópolis,
Olivia Carvalho,HealthSync,Head de Vendas,olivia.carvalho291,Brasília,
Pedro Gomes,Aurion,CEO,pedro.gomes292,Salvador,
Zeca Rodrigues,EduSpark,CTO,zeca.rodrigues293,Florianópolis,Indicação
Bruno Almeida,EduSpark,Growth Lead,bruno.almeida294,Salvador,
Queila Melo,Aurion,Diretor de Marketing,queila.melo295,Brasília,Evento 2026
Marina Barbosa,RetailHub,Diretor de Marketing,marina.barbosa296,Campinas,
Zeca Rodrigues,Voltare,Diretor de Marketing,zeca.rodrigues297,Rio de Janeiro,
Vitor Araújo,Dataforge,Gerente Comercial,vitor.araújo298,Campinas,Indicação
Karina Oliveira,EcoBuild,CMO,karina.oliveira299,Brasília,Evento 2026
Ursula Araújo,Aurion,VP Comercial,ursula.araújo300,Rio de Janeiro,Evento 2026
Rafael Araújo,HealthSync,Diretor de Marketing,rafael.araújo301,Belo Horizonte,
Carla Barbosa,LogiPrime,Diretor de Marketing,carla.barbosa302,São Paulo,Evento 2026
João Costa,Pinnacle BR,Diretor de Marketing,joão.costa303,Salvador,Indicação
Hugo Lima,Aurion,CTO,hugo.lima304,Porto Alegre,
Queila Ribeiro,AgroTech,Account Executive,queila.ribeiro305,São Paulo,Evento 2026
Yasmin Melo,Aurion,VP Comercial,yasmin.melo306,Recife,Indicação
Felipe Costa,AgroTech,VP Comercial,felipe.costa307,Belo Horizonte,Warm lead
Bruno Barbosa,Cloudwise,Head de Vendas,bruno.barbosa308,Salvador,
João Rocha,Pinnacle BR,Account Executive,joão.rocha309,Curitiba,Evento 2026
Zeca Martins,MediaWave,Head de Vendas,zeca.martins310,Brasília,
Olivia Rocha,RetailHub,Gerente Comercial,olivia.rocha311,Recife,
Queila Barbosa,Aurion,Head de Vendas,queila.barbosa312,Campinas,Indicação
Iris Santos,HealthSync,Growth Lead,iris.santos313,Brasília,
Diego Gomes,AgroTech,CTO,diego.gomes314,Porto Alegre,
Yasmin Costa,Dataforge,Growth Lead,yasmin.costa315,Florianópolis,Indicação
Nicolas Oliveira,MediaWave,Head de Vendas,nicolas.oliveira316,Salvador,Evento 2026
Ana Barbosa,Nexora,Founder,ana.barbosa317,Florianópolis,Evento 2026
Hugo Araújo,Voltare,Diretor de Marketing,hugo.araújo318,Curitiba,
Karina Souza,AgroTech,Diretor de Marketing,karina.souza319,Belo Horizonte,Indicação
Bruno Ferreira,MediaWave,Growth Lead,bruno.ferreira320,Belo Horizonte,Warm lead
Olivia Melo,Nexora,CTO,olivia.melo321,São Paulo,Evento 2026
Gabriela Lima,LogiPrime,VP Comercial,gabriela.lima322,Florianópolis,Warm lead
Diego Ferreira,Pinnacle BR,Gerente Comercial,diego.ferreira323,Rio de Janeiro,
Hugo Barbosa,HealthSync,VP Comercial,hugo.barbosa324,Salvador,
Diego Martins,EcoBuild,Account Executive,diego.martins325,São Paulo,
Sofia Almeida,EduSpark,CMO,sofia.almeida326,Porto Alegre,Warm lead
Ana Melo,Cloudwise,Head de Vendas,ana.melo327,Campinas,Warm lead
Felipe Oliveira,LogiPrime,Diretor de Marketing,felipe.oliveira328,Rio de Janeiro,
Rafael Gomes,RetailHub,Account Executive,rafael.gomes329,Florianópolis,
Marina Martins,Nexora,Founder,marina.martins330,Brasília,Evento 2026
Xavier Silva,Cloudwise,CTO,xavier.silva331,Brasília,Indicação
Xavier Souza,RetailHub,VP Comercial,xavier.souza332,Brasília,Indicação
Bruno Alves,LogiPrime,Diretor de Marketing,bruno.alves333,Belo Horizonte,Warm lead
Wendy Martins,HealthSync,CMO,wendy.martins334,Belo Horizonte,
Wendy Rocha,Nexora,Gerente Comercial,wendy.rocha335,Curitiba,
Zeca Pereira,MediaWave,CEO,zeca.pereira336,Brasília,Evento 2026
Queila Araújo,AgroTech,Account Executive,queila.araújo337,Salvador,Evento 2026
Bruno Pereira,Dataforge,Diretor de Marketing,bruno.pereira338,São Paulo,Evento 2026
Iris Souza,RetailHub,Diretor de Marketing,iris.souza339,Recife,Warm lead
Xavier Rocha,MediaWave,Founder,xavier.rocha340,Brasília,Indicação
Pedro Martins,Cloudwise,Account Executive,pedro.martins341,Porto Alegre,
Xavier Barbosa,Voltare,Founder,xavier.barbosa342,Campinas,Indicação
Rafael Ferreira,Cloudwise,CTO,rafael.ferreira343,Rio de Janeiro,Evento 2026
Vitor Ferreira,Dataforge,Growth Lead,vitor.ferreira344,Campinas,Warm lead
Felipe Rocha,Cloudwise,Growth Lead,felipe.rocha345,São Paulo,Evento 2026
Thiago Barbosa,Dataforge,CEO,thiago.barbosa346,Rio de Janeiro,Warm lead
Lucas Gomes,RetailHub,CMO,lucas.gomes347,São Paulo,Indicação
Thiago Rocha,Nexora,CMO,thiago.rocha348,Rio de Janeiro,Indicação
Yasmin Alves,Cloudwise,Founder,yasmin.alves349,Campinas,
Thiago Lima,HealthSync,Growth Lead,thiago.lima350,Brasília,Evento 2026
Olivia Oliveira,EcoBuild,CMO,olivia.oliveira351,Florianópolis,Evento 2026
Marina Rodrigues,HealthSync,Gerente Comercial,marina.rodrigues352,Curitiba,
Ana Costa,Finovate,Account Executive,ana.costa353,Recife,
Diego Nascimento,RetailHub,Gerente Comercial,diego.nascimento354,Salvador,Indicação
Thiago Ferreira,EduSpark,Growth Lead,thiago.ferreira355,Curitiba,
Elena Oliveira,Finovate,CMO,elena.oliveira356,Salvador,
Zeca Rodrigues,HealthSync,Diretor de Marketing,zeca.rodrigues357,Rio de Janeiro,
Rafael Ferreira,MediaWave,Gerente Comercial,rafael.ferreira358,Belo Horizonte,Indicação
Zeca Alves,LogiPrime,Head de Vendas,zeca.alves359,Rio de Janeiro,Indicação
Zeca Lima,Pinnacle BR,Growth Lead,zeca.lima360,São Paulo,Evento 2026
Rafael Carvalho,Cloudwise,Growth Lead,rafael.carvalho361,Florianópolis,Indicação
Thiago Oliveira,Voltare,Gerente Comercial,thiago.oliveira362,Recife,Warm lead
Queila Barbosa,RetailHub,Founder,queila.barbosa363,Campinas,
Elena Rodrigues,HealthSync,CTO,elena.rodrigues364,Salvador,Warm lead
Vitor Gomes,Cloudwise,CMO,vitor.gomes365,Florianópolis,
Felipe Lima,MercadoÁgil,Account Executive,felipe.lima366,São Paulo,
Queila Lima,Dataforge,CMO,queila.lima367,Belo Horizonte,Evento 2026
Wendy Almeida,Cloudwise,Account Executive,wendy.almeida368,Porto Alegre,
Iris Pereira,HealthSync,Account Executive,iris.pereira369,Porto Alegre,Indicação
Ursula Ferreira,EcoBuild,Account Executive,ursula.ferreira370,Rio de Janeiro,
Ursula Costa,EcoBuild,VP Comercial,ursula.costa371,Belo Horizonte,Indicação
Vitor Melo,EduSpark,VP Comercial,vitor.melo372,Brasília,
Bruno Silva,Voltare,CEO,bruno.silva373,Campinas,Evento 2026
Ursula Pereira,RetailHub,VP Comercial,ursula.pereira374,Recife,
Ursula Silva,Finovate,Account Executive,ursula.silva375,Porto Alegre,Evento 2026
Pedro Almeida,RetailHub,Founder,pedro.almeida376,Porto Alegre,Warm lead
Carla Santos,Aurion,Growth Lead,carla.santos377,Recife,Warm lead
Olivia Pereira,Cloudwise,VP Comercial,olivia.pereira378,Belo Horizonte,Evento 2026
Wendy Rodrigues,EduSpark,Diretor de Marketing,wendy.rodrigues379,Recife,Indicação
Yasmin Alves,LogiPrime,Account Executive,yasmin.alves380,Rio de Janeiro,Evento 2026
Hugo Rocha,Voltare,Gerente Comercial,hugo.rocha381,Salvador,Indicação
Elena Souza,Nexora,Gerente Comercial,elena.souza382,Recife,
Nicolas Almeida,AgroTech,CMO,nicolas.almeida383,Brasília,
Xavier Rodrigues,Pinnacle BR,CMO,xavier.rodrigues384,Salvador,
Olivia Martins,MediaWave,Gerente Comercial,olivia.martins385,Salvador,
Carla Araújo,LogiPrime,Growth Lead,carla.araújo386,Curitiba,Indicação
Sofia Alves,Nexora,CEO,sofia.alves387,Porto Alegre,Warm lead
Thiago Martins,Dataforge,Account Executive,thiago.martins388,São Paulo,
Nicolas Lima,MediaWave,Gerente Comercial,nicolas.lima389,Brasília,Warm lead
Lucas Santos,MercadoÁgil,CEO,lucas.santos390,Campinas,
Gabriela Alves,LogiPrime,Gerente Comercial,gabriela.alves391,Rio de Janeiro,Warm lead
Queila Rocha,RetailHub,Account Executive,queila.rocha392,Porto Alegre,
Vitor Melo,Voltare,CMO,vitor.melo393,Rio de Janeiro,Warm lead
Lucas Rodrigues,LogiPrime,Diretor de Marketing,lucas.rodrigues394,Belo Horizonte,Indicação
Thiago Gomes,MercadoÁgil,Account Executive,thiago.gomes395,São Paulo,
Bruno Lima,EduSpark,Diretor de Marketing,bruno.lima396,Salvador,
Olivia Lima,EcoBuild,Account Executive,olivia.lima397,Belo Horizonte,Evento 2026
Thiago Rodrigues,Aurion,Founder,thiago.rodrigues398,Campinas,Evento 2026
Sofia Rodrigues,LogiPrime,Account Executive,sofia.rodrigues399,Florianópolis,Warm lead
Wendy Carvalho,Dataforge,Growth Lead,wendy.carvalho400,São Paulo,Evento 2026
Karina Souza,MercadoÁgil,VP Comercial,karina.souza401,Porto Alegre,
Thiago Martins,Dataforge,VP Comercial,thiago.martins402,Campinas,Indicação
Xavier Santos,EcoBuild,Growth Lead,xavier.santos403,Belo Horizonte,
Ursula Melo,RetailHub,Founder,ursula.melo404,Belo Horizonte,Indicação
Bruno Carvalho,EduSpark,CTO,bruno.carvalho405,Curitiba,
Olivia Rodrigues,MercadoÁgil,CMO,olivia.rodrigues406,Recife,Indicação
Nicolas Gomes,RetailHub,VP Comercial,nicolas.gomes407,Salvador,
Wendy Lima,LogiPrime,Head de Vendas,wendy.lima408,Florianópolis,Evento 2026
Vitor Martins,LogiPrime,Founder,vitor.martins409,Brasília,Indicação
Olivia Ribeiro,Cloudwise,Account Executive,olivia.ribeiro410,Brasília,Evento 2026
Thiago Martins,Pinnacle BR,Head de Vendas,thiago.martins411,Porto Alegre,
João Almeida,Dataforge,Gerente Comercial,joão.almeida412,Curitiba,Warm lead
Karina Martins,Cloudwise,Account Executive,karina.martins413,Porto Alegre,Evento 2026
Diego Carvalho,HealthSync,Account Executive,diego.carvalho414,Recife,Warm lead
Lucas Lima,Dataforge,CEO,lucas.lima415,Porto Alegre,
Lucas Rocha,HealthSync,Gerente Comercial,lucas.rocha416,Salvador,Indicação
Gabriela Ribeiro,Dataforge,Account Executive,gabriela.ribeiro417,Porto Alegre,Indicação
Diego Melo,EduSpark,VP Comercial,diego.melo418,Curitiba,Indicação
Bruno Gomes,Pinnacle BR,Head de Vendas,bruno.gomes419,São Paulo,
Nicolas Rodrigues,EduSpark,Growth Lead,nicolas.rodrigues420,Rio de Janeiro,Indicação
Ana Ribeiro,MediaWave,CMO,ana.ribeiro421,Recife,Warm lead
Pedro Pereira,RetailHub,Gerente Comercial,pedro.pereira422,Brasília,Evento 2026
Ursula Santos,MediaWave,CTO,ursula.santos423,Campinas,Indicação
Rafael Santos,MediaWave,CMO,rafael.santos424,Recife,Indicação
Bruno Araújo,RetailHub,Growth Lead,bruno.araújo425,Belo Horizonte,Evento 2026
Bruno Silva,Dataforge,VP Comercial,bruno.silva426,Campinas,
Karina Ferreira,Finovate,Account Executive,karina.ferreira427,Florianópolis,Warm lead
Elena Gomes,Finovate,Gerente Comercial,elena.gomes428,Curitiba,
Karina Costa,EduSpark,Growth Lead,karina.costa429,Porto Alegre,Indicação
Ana Rodrigues,RetailHub,Gerente Comercial,ana.rodrigues430,Campinas,Indicação
Felipe Melo,AgroTech,Founder,felipe.melo431,Recife,
Karina Oliveira,MercadoÁgil,CTO,karina.oliveira432,Belo Horizonte,Indicação
Pedro Rodrigues,MediaWave,Head de Vendas,pedro.rodrigues433,São Paulo,Evento 2026
Marina Almeida,Finovate,Gerente Comercial,marina.almeida434,Brasília,Evento 2026
Sofia Carvalho,Nexora,Gerente Comercial,sofia.carvalho435,Brasília,Indicação
Bruno Souza,Finovate,Gerente Comercial,bruno.souza436,Belo Horizonte,Warm lead
Vitor Gomes,MediaWave,Gerente Comercial,vitor.gomes437,Rio de Janeiro,Evento 2026
Lucas Melo,Pinnacle BR,Head de Vendas,lucas.melo438,Belo Horizonte,Warm lead
Elena Rocha,EduSpark,VP Comercial,elena.rocha439,Brasília,Warm lead
Wendy Ribeiro,MediaWave,Growth Lead,wendy.ribeiro440,Florianópolis,Indicação
Yasmin Almeida,HealthSync,VP Comercial,yasmin.almeida441,Rio de Janeiro,
Olivia Gomes,EduSpark,Diretor de Marketing,olivia.gomes442,Rio de Janeiro,
Diego Santos,AgroTech,Account Executive,diego.santos443,Florianópolis,Indicação
Sofia Ribeiro,Aurion,CMO,sofia.ribeiro444,Brasília,
Olivia Souza,HealthSync,Head de Vendas,olivia.souza445,Campinas,Warm lead
Carla Gomes,Finovate,CEO,carla.gomes446,Salvador,Indicação
Queila Barbosa,Finovate,VP Comercial,queila.barbosa447,São Paulo,
Olivia Ferreira,EduSpark,CEO,olivia.ferreira448,Recife,Evento 2026
Ana Pereira,EcoBuild,CTO,ana.pereira449,São Paulo,Warm lead
Lucas Oliveira,LogiPrime,CEO,lucas.oliveira450,Rio de Janeiro,Warm lead
Bruno Ferreira,MercadoÁgil,CMO,bruno.ferreira451,Belo Horizonte,Warm lead
Lucas Araújo,Finovate,Founder,lucas.araújo452,Recife,
Vitor Ribeiro,Aurion,Diretor de Marketing,vitor.ribeiro453,Rio de Janeiro,Indicação
Rafael Araújo,LogiPrime,CMO,rafael.araújo454,Curitiba,
Yasmin Silva,Dataforge,Growth Lead,yasmin.silva455,Florianópolis,Warm lead
Rafael Araújo,AgroTech,Head de Vendas,rafael.araújo456,Curitiba,Warm lead
Lucas Lima,Dataforge,Head de Vendas,lucas.lima457,Rio de Janeiro,
Zeca Barbosa,EcoBuild,CEO,zeca.barbosa458,Curitiba,Indicação
Carla Souza,EcoBuild,CEO,carla.souza459,Salvador,
Vitor Santos,Pinnacle BR,CEO,vitor.santos460,Recife,Warm lead
Hugo Ribeiro,Pinnacle BR,CEO,hugo.ribeiro461,Belo Horizonte,
João Almeida,AgroTech,VP Comercial,joão.almeida462,Brasília,
Thiago Rodrigues,Pinnacle BR,Gerente Comercial,thiago.rodrigues463,Belo Horizonte,
Hugo Barbosa,Dataforge,Gerente Comercial,hugo.barbosa464,São Paulo,
Sofia Costa,HealthSync,Founder,sofia.costa465,Florianópolis,Warm lead
Bruno Alves,HealthSync,Founder,bruno.alves466,Florianópolis,Evento 2026
Wendy Barbosa,MercadoÁgil,CMO,wendy.barbosa467,Porto Alegre,Warm lead
Felipe Ribeiro,Finovate,Head de Vendas,felipe.ribeiro468,Curitiba,Evento 2026
Wendy Lima,RetailHub,Growth Lead,wendy.lima469,São Paulo,
Nicolas Barbosa,LogiPrime,Account Executive,nicolas.barbosa470,Belo Horizonte,Warm lead
Hugo Nascimento,Pinnacle BR,Diretor de Marketing,hugo.nascimento471,Rio de Janeiro,Warm lead
Lucas Oliveira,LogiPrime,Head de Vendas,lucas.oliveira472,São Paulo,Evento 2026
Marina Melo,EcoBuild,CEO,marina.melo473,Rio de Janeiro,Indicação
Zeca Carvalho,EduSpark,Account Executive,zeca.carvalho474,Curitiba,Warm lead
Gabriela Rodrigues,Dataforge,CEO,gabriela.rodrigues475,Curitiba,Indicação
Xavier Souza,EduSpark,Growth Lead,xavier.souza476,Curitiba,
Wendy Pereira,MercadoÁgil,Head de Vendas,wendy.pereira477,Florianópolis,Evento 2026
Yasmin Ferreira,MercadoÁgil,Growth Lead,yasmin.ferreira478,Florianópolis,Evento 2026
João Nascimento,Cloudwise,Account Executive,joão.nascimento479,Salvador,Warm lead
Diego Martins,RetailHub,Diretor de Marketing,diego.martins480,Curitiba,Evento 2026
Karina Barbosa,Nexora,VP Comercial,karina.barbosa481,Curitiba,Indicação
Ana Nascimento,LogiPrime,VP Comercial,ana.nascimento482,Campinas,Warm lead
João Lima,Pinnacle BR,Diretor de Marketing,joão.lima483,Curitiba,Warm lead
Sofia Almeida,Finovate,Account Executive,sofia.almeida484,Brasília,Evento 2026
Yasmin Martins,EduSpark,Growth Lead,yasmin.martins485,Salvador,Indicação
Xavier Alves,Aurion,CMO,xavier.alves486,Florianópolis,Warm lead
Felipe Ribeiro,HealthSync,CEO,felipe.ribeiro487,Florianópolis,
Carla Santos,RetailHub,CEO,carla.santos488,Recife,Indicação
Ursula Almeida,Voltare,CMO,ursula.almeida489,São Paulo,Indicação
Queila Rocha,Cloudwise,CEO,queila.rocha490,Campinas,
Pedro Martins,Nexora,CEO,pedro.martins491,Florianópolis,
Nicolas Silva,Nexora,Account Executive,nicolas.silva492,Porto Alegre,
João Silva,LogiPrime,Founder,joão.silva493,Belo Horizonte,
Diego Gomes,Aurion,Head de Vendas,diego.gomes494,Curitiba,
Queila Nascimento,AgroTech,Diretor de Marketing,queila.nascimento495,Porto Alegre,Warm lead
Carla Alves,MercadoÁgil,Growth Lead,carla.alves496,Campinas,Indicação
Wendy Almeida,Dataforge,CTO,wendy.almeida497,São Paulo,
Marina Araújo,MercadoÁgil,Account Executive,marina.araújo498,Salvador,
Ursula Silva,EduSpark,CMO,ursula.silva499,Rio de Janeiro,Warm lead
Nicolas Rodrigues,EcoBuild,CTO,nicolas.rodrigues500,Florianópolis,
Hugo Pereira,MediaWave,VP Comercial,hugo.pereira501,Salvador,Evento 2026
Bruno Oliveira,HealthSync,Gerente Comercial,bruno.oliveira502,Florianópolis,
Vitor Santos,Aurion,Diretor de Marketing,vitor.santos503,São Paulo,Indicação
Sofia Lima,RetailHub,Founder,sofia.lima504,Rio de Janeiro,Evento 2026
Felipe Carvalho,Pinnacle BR,VP Comercial,felipe.carvalho505,Recife,
Karina Araújo,RetailHub,CMO,karina.araújo506,Rio de Janeiro,
Xavier Alves,Nexora,CTO,xavier.alves507,Recife,Indicação
Carla Rodrigues,EcoBuild,VP Comercial,carla.rodrigues508,Campinas,Warm lead
Yasmin Rodrigues,Nexora,Gerente Comercial,yasmin.rodrigues509,Salvador,Warm lead
Hugo Alves,LogiPrime,Founder,hugo.alves510,Recife,Indicação
Vitor Carvalho,HealthSync,Founder,vitor.carvalho511,Rio de Janeiro,
João Almeida,EduSpark,CTO,joão.almeida512,Rio de Janeiro,Evento 2026
Elena Araújo,EduSpark,CMO,elena.araújo513,Recife,Evento 2026
Lucas Souza,Voltare,CEO,lucas.souza514,Porto Alegre,Warm lead
Lucas Nascimento,Voltare,CMO,lucas.nascimento515,Rio de Janeiro,Indicação
Nicolas Rocha,LogiPrime,Account Executive,nicolas.rocha516,Florianópolis,Warm lead
Diego Silva,Voltare,Diretor de Marketing,diego.silva517,Florianópolis,
Thiago Melo,RetailHub,Diretor de Marketing,thiago.melo518,Recife,
João Barbosa,MercadoÁgil,CTO,joão.barbosa519,Florianópolis,Indicação
Sofia Gomes,Aurion,Founder,sofia.gomes520,Belo Horizonte,Indicação
Iris Ferreira,Dataforge,Growth Lead,iris.ferreira521,Belo Horizonte,
Felipe Barbosa,Dataforge,Founder,felipe.barbosa522,Porto Alegre,Warm lead
Zeca Oliveira,Cloudwise,Gerente Comercial,zeca.oliveira523,Curitiba,Warm lead
Thiago Melo,Pinnacle BR,Growth Lead,thiago.melo524,Rio de Janeiro,Indicação
João Silva,MercadoÁgil,Diretor de Marketing,joão.silva525,Campinas,Warm lead
Zeca Rodrigues,Finovate,Diretor de Marketing,zeca.rodrigues526,Recife,
Elena Ferreira,Cloudwise,VP Comercial,elena.ferreira527,Curitiba,Warm lead
Karina Costa,MercadoÁgil,Diretor de Marketing,karina.costa528,Porto Alegre,Warm lead
Sofia Almeida,Cloudwise,Founder,sofia.almeida529,Porto Alegre,Warm lead
Lucas Souza,MediaWave,VP Comercial,lucas.souza530,Curitiba,
Rafael Costa,HealthSync,Account Executive,rafael.costa531,São Paulo,Warm lead
Wendy Pereira,Finovate,Gerente Comercial,wendy.pereira532,Rio de Janeiro,Warm lead
Vitor Martins,Aurion,Gerente Comercial,vitor.martins533,Curitiba,Evento 2026
Vitor Lima,EduSpark,Founder,vitor.lima534,Recife,
Olivia Melo,Finovate,VP Comercial,olivia.melo535,Recife,
Queila Barbosa,LogiPrime,CEO,queila.barbosa536,Brasília,
Thiago Oliveira,Voltare,Head de Vendas,thiago.oliveira537,Brasília,Indicação
Ursula Melo,Nexora,VP Comercial,ursula.melo538,Recife,Evento 2026
Zeca Barbosa,Voltare,CEO,zeca.barbosa539,Rio de Janeiro,Evento 2026
Hugo Gomes,EduSpark,Account Executive,hugo.gomes540,Florianópolis,
Wendy Carvalho,Pinnacle BR,Growth Lead,wendy.carvalho541,Brasília,Warm lead
Olivia Carvalho,EduSpark,Account Executive,olivia.carvalho542,Belo Horizonte,Evento 2026
Ana Martins,Voltare,Gerente Comercial,ana.martins543,Recife,
Diego Lima,Cloudwise,Gerente Comercial,diego.lima544,Brasília,Warm lead
Zeca Pereira,LogiPrime,Growth Lead,zeca.pereira545,Brasília,Warm lead
Diego Rocha,EduSpark,Growth Lead,diego.rocha546,Brasília,
João Santos,RetailHub,CTO,joão.santos547,São Paulo,Evento 2026
Ursula Souza,HealthSync,CMO,ursula.souza548,Curitiba,
Felipe Ribeiro,Aurion,Diretor de Marketing,felipe.ribeiro549,Florianópolis,Warm lead
Olivia Almeida,RetailHub,Founder,olivia.almeida550,Belo Horizonte,Indicação
Ursula Barbosa,MercadoÁgil,CEO,ursula.barbosa551,Campinas,Indicação
Olivia Carvalho,MercadoÁgil,Founder,olivia.carvalho552,São Paulo,Indicação
Gabriela Nascimento,RetailHub,CTO,gabriela.nascimento553,Campinas,
Zeca Ribeiro,Aurion,Diretor de Marketing,zeca.ribeiro554,Brasília,Indicação
Olivia Souza,Dataforge,Growth Lead,olivia.souza555,Florianópolis,Evento 2026
Thiago Araújo,EcoBuild,Founder,thiago.araújo556,Campinas,
Lucas Alves,AgroTech,Growth Lead,lucas.alves557,Campinas,Indicação
Vitor Ferreira,MediaWave,VP Comercial,vitor.ferreira558,Campinas,
Vitor Lima,Cloudwise,CTO,vitor.lima559,Curitiba,Evento 2026
Diego Costa,Cloudwise,CMO,diego.costa560,Florianópolis,Warm lead
Nicolas Melo,Aurion,VP Comercial,nicolas.melo561,Recife,Warm lead
Felipe Martins,HealthSync,Account Executive,felipe.martins562,Belo Horizonte,
Felipe Martins,Dataforge,CMO,felipe.martins563,Belo Horizonte,Evento 2026
Olivia Melo,Nexora,Diretor de Marketing,olivia.melo564,São Paulo,Warm lead
Elena Pereira,AgroTech,Founder,elena.pereira565,Florianópolis,
Ursula Martins,MercadoÁgil,Growth Lead,ursula.martins566,Recife,Warm lead
Pedro Costa,Voltare,VP Comercial,pedro.costa567,São Paulo,Indicação
João Santos,Dataforge,Head de Vendas,joão.santos568,Florianópolis,Evento 2026
Felipe Rocha,EcoBuild,Growth Lead,felipe.rocha569,Florianópolis,
Diego Carvalho,Voltare,Gerente Comercial,diego.carvalho570,Florianópolis,Evento 2026
Rafael Santos,RetailHub,Growth Lead,rafael.santos571,Florianópolis,Indicação
Nicolas Souza,EduSpark,Head de Vendas,nicolas.souza572,Porto Alegre,
Olivia Nascimento,Cloudwise,CTO,olivia.nascimento573,Salvador,
Yasmin Almeida,Pinnacle BR,VP Comercial,yasmin.almeida574,Brasília,
Ursula Barbosa,Aurion,VP Comercial,ursula.barbosa575,Belo Horizonte,Indicação
Gabriela Santos,EcoBuild,Diretor de Marketing,gabriela.santos576,Florianópolis,Evento 2026
Thiago Ribeiro,Aurion,Diretor de Marketing,thiago.ribeiro577,Porto Alegre,Evento 2026
Sofia Nascimento,AgroTech,Account Executive,sofia.nascimento578,Rio de Janeiro,Indicação
Yasmin Barbosa,MediaWave,CEO,yasmin.barbosa579,Porto Alegre,Indicação
Wendy Lima,Pinnacle BR,CMO,wendy.lima580,Brasília,Indicação
Yasmin Araújo,Finovate,CMO,yasmin.araújo581,Campinas,Evento 2026
Ursula Barbosa,MercadoÁgil,Growth Lead,ursula.barbosa582,Rio de Janeiro,
Marina Gomes,EduSpark,Gerente Comercial,marina.gomes583,Brasília,Warm lead
Pedro Rodrigues,EcoBuild,CEO,pedro.rodrigues584,Rio de Janeiro,Warm lead
Ursula Alves,AgroTech,CTO,ursula.alves585,Florianópolis,Warm lead
Gabriela Barbosa,AgroTech,Head de Vendas,gabriela.barbosa586,Salvador,Evento 2026
Karina Ferreira,Cloudwise,Account Executive,karina.ferreira587,Campinas,Indicação
Sofia Martins,RetailHub,Diretor de Marketing,sofia.martins588,São Paulo,
Diego Rocha,Nexora,CTO,diego.rocha589,Belo Horizonte,Warm lead
Olivia Silva,MercadoÁgil,Head de Vendas,olivia.silva590,Belo Horizonte,Evento 2026
Felipe Nascimento,Voltare,Diretor de Marketing,felipe.nascimento591,Porto Alegre,
Lucas Costa,Nexora,Founder,lucas.costa592,Porto Alegre,Indicação
Nicolas Oliveira,EduSpark,CTO,nicolas.oliveira593,São Paulo,Indicação
Pedro Oliveira,Aurion,VP Comercial,pedro.oliveira594,Curitiba,
Vitor Rocha,Nexora,CEO,vitor.rocha595,Brasília,
Nicolas Lima,Finovate,CTO,nicolas.lima596,Curitiba,Warm lead
Carla Souza,Voltare,Diretor de Marketing,carla.souza597,Brasília,Evento 2026
Elena Araújo,RetailHub,CMO,elena.araújo598,Belo Horizonte,
Queila Carvalho,Nexora,VP Comercial,queila.carvalho599,Belo Horizonte,Warm lead
Lucas Pereira,HealthSync,CMO,lucas.pereira600,Recife,
Vitor Rocha,AgroTech,Head de Vendas,vitor.rocha601,Rio de Janeiro,
Elena Souza,EcoBuild,Founder,elena.souza602,Brasília,Warm lead
Karina Lima,Pinnacle BR,Gerente Comercial,karina.lima603,Rio de Janeiro,Indicação
Rafael Melo,EcoBuild,VP Comercial,rafael.melo604,Porto Alegre,
Vitor Ferreira,Pinnacle BR,Account Executive,vitor.ferreira605,Campinas,
Gabriela Araújo,Dataforge,CEO,gabriela.araújo606,Curitiba,Warm lead
Marina Souza,Pinnacle BR,Growth Lead,marina.souza607,Campinas,
Queila Silva,Cloudwise,Diretor de Marketing,queila.silva608,Belo Horizonte,Warm lead
Sofia Barbosa,Cloudwise,Account Executive,sofia.barbosa609,Belo Horizonte,Warm lead
Yasmin Oliveira,Nexora,VP Comercial,yasmin.oliveira610,Rio de Janeiro,
Iris Pereira,Nexora,CEO,iris.pereira611,Recife,
João Gomes,RetailHub,Founder,joão.gomes612,Recife,Warm lead
Carla Ribeiro,LogiPrime,VP Comercial,carla.ribeiro613,Belo Horizonte,Evento 2026
Carla Ferreira,Voltare,Account Executive,carla.ferreira614,Curitiba,Indicação
Rafael Rodrigues,MercadoÁgil,VP Comercial,rafael.rodrigues615,Rio de Janeiro,Evento 2026
Wendy Barbosa,EduSpark,Head de Vendas,wendy.barbosa616,São Paulo,Indicação
Carla Barbosa,Voltare,Growth Lead,carla.barbosa617,Campinas,
Bruno Ferreira,HealthSync,CMO,bruno.ferreira618,Rio de Janeiro,
Wendy Lima,EduSpark,CEO,wendy.lima619,Belo Horizonte,Warm lead
Lucas Gomes,LogiPrime,Gerente Comercial,lucas.gomes620,Belo Horizonte,Evento 2026
Elena Nascimento,EduSpark,CTO,elena.nascimento621,São Paulo,Evento 2026
Zeca Barbosa,Dataforge,Account Executive,zeca.barbosa622,Rio de Janeiro,Evento 2026
Wendy Carvalho,HealthSync,CTO,wendy.carvalho623,Salvador,Warm lead
Queila Alves,Nexora,Growth Lead,queila.alves624,Campinas,Indicação
Lucas Costa,Dataforge,CTO,lucas.costa625,Campinas,
Hugo Gomes,Nexora,CEO,hugo.gomes626,São Paulo,Indicação
Bruno Martins,Cloudwise,Founder,bruno.martins627,Belo Horizonte,Indicação
Bruno Ribeiro,RetailHub,Founder,bruno.ribeiro628,Curitiba,Evento 2026
Hugo Barbosa,MediaWave,Diretor de Marketing,hugo.barbosa629,Porto Alegre,
Sofia Alves,Voltare,Account Executive,sofia.alves630,São Paulo,Indicação
Hugo Gomes,Nexora,Founder,hugo.gomes631,Rio de Janeiro,Warm lead
João Ferreira,Cloudwise,CTO,joão.ferreira632,Florianópolis,Warm lead
Ana Alves,Pinnacle BR,Gerente Comercial,ana.alves633,Campinas,Evento 2026
Xavier Melo,Pinnacle BR,Growth Lead,xavier.melo634,Brasília,
Pedro Pereira,EduSpark,Account Executive,pedro.pereira635,Curitiba,Indicação
Ana Barbosa,Nexora,Head de Vendas,ana.barbosa636,Florianópolis,Evento 2026
Ursula Silva,Cloudwise,CEO,ursula.silva637,Recife,Evento 2026
Diego Pereira,LogiPrime,Head de Vendas,diego.pereira638,Recife,Warm lead
Bruno Lima,EduSpark,Gerente Comercial,bruno.lima639,Rio de Janeiro,
Hugo Gomes,MercadoÁgil,Diretor de Marketing,hugo.gomes640,Salvador,
Sofia Souza,LogiPrime,CMO,sofia.souza641,Recife,
Sofia Carvalho,Nexora,Founder,sofia.carvalho642,Belo Horizonte,Indicação
João Nascimento,AgroTech,Diretor de Marketing,joão.nascimento643,Recife,Evento 2026
Karina Rocha,Dataforge,Head de Vendas,karina.rocha644,Rio de Janeiro,Indicação
Elena Carvalho,Voltare,CMO,elena.carvalho645,Rio de Janeiro,Indicação
Olivia Rocha,Cloudwise,Founder,olivia.rocha646,Rio de Janeiro,
Lucas Pereira,Finovate,Gerente Comercial,lucas.pereira647,Salvador,Evento 2026
Diego Oliveira,Aurion,Gerente Comercial,diego.oliveira648,Campinas,
Gabriela Rodrigues,Aurion,CTO,gabriela.rodrigues649,Curitiba,Evento 2026
Marina Gomes,Nexora,Gerente Comercial,marina.gomes650,Porto Alegre,Indicação
Ana Araújo,AgroTech,Growth Lead,ana.araújo651,Florianópolis,
Hugo Souza,Finovate,CTO,hugo.souza652,Belo Horizonte,
Ana Santos,AgroTech,Head de Vendas,ana.santos653,Belo Horizonte,Indicação
Marina Alves,HealthSync,CTO,marina.alves654,Campinas,
Iris Oliveira,Nexora,CTO,iris.oliveira655,Curitiba,Warm lead
Zeca Lima,Voltare,Diretor de Marketing,zeca.lima656,Rio de Janeiro,
Olivia Santos,Aurion,VP Comercial,olivia.santos657,Recife,Warm lead
Pedro Silva,MercadoÁgil,Founder,pedro.silva658,Belo Horizonte,Evento 2026
Gabriela Costa,Dataforge,Gerente Comercial,gabriela.costa659,Salvador,Indicação
Bruno Melo,EcoBuild,VP Comercial,bruno.melo660,Curitiba,Evento 2026
Pedro Barbosa,MediaWave,Account Executive,pedro.barbosa661,Salvador,
Carla Nascimento,MercadoÁgil,CMO,carla.nascimento662,Recife,Indicação
Ursula Gomes,Pinnacle BR,Account Executive,ursula.gomes663,São Paulo,Warm lead
Zeca Alves,Finovate,Account Executive,zeca.alves664,Salvador,Evento 2026
Sofia Gomes,Cloudwise,Founder,sofia.gomes665,Porto Alegre,Indicação
Ana Rodrigues,EcoBuild,Head de Vendas,ana.rodrigues666,São Paulo,Evento 2026
Bruno Martins,LogiPrime,Diretor de Marketing,bruno.martins667,Campinas,Indicação
Felipe Souza,Pinnacle BR,Head de Vendas,felipe.souza668,Porto Alegre,
Zeca Santos,RetailHub,Head de Vendas,zeca.santos669,Campinas,Warm lead
Lucas Costa,Aurion,Head de Vendas,lucas.costa670,Campinas,Evento 2026
Zeca Alves,MediaWave,VP Comercial,zeca.alves671,São Paulo,Evento 2026
Sofia Carvalho,Aurion,VP Comercial,sofia.carvalho672,Curitiba,Warm lead
Rafael Ferreira,Aurion,Growth Lead,rafael.ferreira673,São Paulo,
Bruno Almeida,EcoBuild,Head de Vendas,bruno.almeida674,São Paulo,
Pedro Silva,Cloudwise,VP Comercial,pedro.silva675,Curitiba,Indicação
Karina Costa,MediaWave,Diretor de Marketing,karina.costa676,São Paulo,
Elena Carvalho,EduSpark,CMO,elena.carvalho677,Rio de Janeiro,
Lucas Oliveira,Cloudwise,Founder,lucas.oliveira678,Campinas,
Karina Ferreira,Cloudwise,CMO,karina.ferreira679,Belo Horizonte,Warm lead
Zeca Martins,HealthSync,Diretor de Marketing,zeca.martins680,Belo Horizonte,
Wendy Melo,RetailHub,Diretor de Marketing,wendy.melo681,Curitiba,
Felipe Araújo,Dataforge,Gerente Comercial,felipe.araújo682,Belo Horizonte,Indicação
Xavier Silva,EduSpark,VP Comercial,xavier.silva683,Recife,
Bruno Costa,EcoBuild,Diretor de Marketing,bruno.costa684,Campinas,Indicação
Ursula Carvalho,Voltare,Growth Lead,ursula.carvalho685,Belo Horizonte,Evento 2026
Xavier Oliveira,Pinnacle BR,Diretor de Marketing,xavier.oliveira686,Brasília,Indicação
Ursula Oliveira,AgroTech,Diretor de Marketing,ursula.oliveira687,Salvador,
Iris Pereira,Pinnacle BR,CTO,iris.pereira688,Brasília,Evento 2026
Zeca Souza,EduSpark,CEO,zeca.souza689,São Paulo,Warm lead
Olivia Barbosa,Aurion,Founder,olivia.barbosa690,Salvador,Warm lead
Lucas Ribeiro,MercadoÁgil,CTO,lucas.ribeiro691,Salvador,
Ursula Almeida,Aurion,Growth Lead,ursula.almeida692,Rio de Janeiro,
João Silva,Cloudwise,Gerente Comercial,joão.silva693,Rio de Janeiro,
Karina Costa,MediaWave,Founder,karina.costa694,Belo Horizonte,
Rafael Oliveira,Cloudwise,VP Comercial,rafael.oliveira695,Campinas,Warm lead
Wendy Silva,MercadoÁgil,CMO,wendy.silva696,Campinas,Warm lead
Felipe Santos,Voltare,Diretor de Marketing,felipe.santos697,Curitiba,Indicação
Nicolas Ribeiro,EduSpark,Account Executive,nicolas.ribeiro698,Porto Alegre,Evento 2026
João Almeida,Voltare,CEO,joão.almeida699,Recife,
Rafael Martins,Aurion,CEO,rafael.martins700,Brasília,
Nicolas Oliveira,Dataforge,VP Comercial,nicolas.oliveira701,Salvador,Indicação
Diego Silva,Pinnacle BR,CMO,diego.silva702,Porto Alegre,
Pedro Souza,Dataforge,Founder,pedro.souza703,Salvador,Warm lead
Vitor Nascimento,Voltare,Account Executive,vitor.nascimento704,Recife,Indicação
Lucas Araújo,Cloudwise,CMO,lucas.araújo705,Salvador,
Iris Rocha,Finovate,Gerente Comercial,iris.rocha706,Curitiba,Evento 2026
Sofia Santos,Aurion,CTO,sofia.santos707,Rio de Janeiro,Evento 2026
Zeca Ribeiro,MercadoÁgil,VP Comercial,zeca.ribeiro708,Curitiba,
Bruno Araújo,AgroTech,Account Executive,bruno.araújo709,Recife,
Vitor Martins,EcoBuild,Head de Vendas,vitor.martins710,Salvador,Evento 2026
Carla Araújo,MediaWave,CEO,carla.araújo711,Florianópolis,
Queila Carvalho,HealthSync,VP Comercial,queila.carvalho712,Belo Horizonte,
Yasmin Rocha,Aurion,CMO,yasmin.rocha713,Curitiba,Indicação
Elena Santos,MercadoÁgil,CTO,elena.santos714,Recife,Indicação
Ursula Lima,AgroTech,VP Comercial,ursula.lima715,Porto Alegre,Evento 2026
Xavier Oliveira,Voltare,Founder,xavier.oliveira716,Florianópolis,Warm lead
Rafael Rodrigues,AgroTech,Gerente Comercial,rafael.rodrigues717,Florianópolis,Warm lead
Ana Melo,EcoBuild,Account Executive,ana.melo718,Recife,
Nicolas Lima,Aurion,VP Comercial,nicolas.lima719,Campinas,
Yasmin Souza,MediaWave,CTO,yasmin.souza720,Campinas,
Zeca Ferreira,AgroTech,Account Executive,zeca.ferreira721,Brasília,Warm lead
Iris Araújo,HealthSync,Growth Lead,iris.araújo722,Campinas,
Pedro Santos,Aurion,Gerente Comercial,pedro.santos723,Recife,Indicação
Thiago Melo,HealthSync,Founder,thiago.melo724,São Paulo,Warm lead
Karina Almeida,Nexora,Growth Lead,karina.almeida725,Porto Alegre,Evento 2026
Ana Rodrigues,AgroTech,Gerente Comercial,ana.rodrigues726,Porto Alegre,Evento 2026
Pedro Souza,AgroTech,Head de Vendas,pedro.souza727,Belo Horizonte,Evento 2026
Xavier Rocha,RetailHub,Diretor de Marketing,xavier.rocha728,Porto Alegre,Warm lead
Thiago Oliveira,Pinnacle BR,Growth Lead,thiago.oliveira729,Curitiba,Warm lead
Xavier Martins,RetailHub,Account Executive,xavier.martins730,Brasília,
Queila Costa,Voltare,Gerente Comercial,queila.costa731,Florianópolis,Warm lead
Elena Gomes,MediaWave,VP Comercial,elena.gomes732,São Paulo,Indicação
Gabriela Pereira,AgroTech,CEO,gabriela.pereira733,Curitiba,
Olivia Santos,MediaWave,Diretor de Marketing,olivia.santos734,Curitiba,Evento 2026
Lucas Rocha,LogiPrime,Founder,lucas.rocha735,Rio de Janeiro,
Hugo Alves,Finovate,VP Comercial,hugo.alves736,Salvador,Indicação
Pedro Carvalho,LogiPrime,Diretor de Marketing,pedro.carvalho737,Brasília,Indicação
Iris Oliveira,Dataforge,CEO,iris.oliveira738,Recife,
Felipe Carvalho,RetailHub,Head de Vendas,felipe.carvalho739,Curitiba,Indicação
Vitor Pereira,Dataforge,Founder,vitor.pereira740,Florianópolis,
Yasmin Silva,Finovate,CMO,yasmin.silva741,Belo Horizonte,
Zeca Silva,Pinnacle BR,Gerente Comercial,zeca.silva742,Campinas,Evento 2026
Wendy Nascimento,MercadoÁgil,Founder,wendy.nascimento743,Brasília,Warm lead
Iris Pereira,Finovate,Gerente Comercial,iris.pereira744,Florianópolis,
Marina Carvalho,Voltare,CEO,marina.carvalho745,Florianópolis,Evento 2026
Rafael Melo,EcoBuild,Gerente Comercial,rafael.melo746,Porto Alegre,
Pedro Oliveira,Cloudwise,Gerente Comercial,pedro.oliveira747,Brasília,Evento 2026
Iris Ferreira,Pinnacle BR,CMO,iris.ferreira748,Florianópolis,Indicação
Bruno Melo,MercadoÁgil,Diretor de Marketing,bruno.melo749,Belo Horizonte,
Ursula Martins,Dataforge,Gerente Comercial,ursula.martins750,Recife,Warm lead
Marina Santos,EcoBuild,VP Comercial,marina.santos751,Curitiba,Evento 2026
Xavier Almeida,HealthSync,Account Executive,xavier.almeida752,Salvador,Evento 2026
Queila Ferreira,AgroTech,CMO,queila.ferreira753,Florianópolis,Indicação
João Souza,Finovate,CMO,joão.souza754,Porto Alegre,
Yasmin Costa,HealthSync,Diretor de Marketing,yasmin.costa755,Rio de Janeiro,Indicação
Lucas Almeida,EduSpark,Gerente Comercial,lucas.almeida756,Recife,Evento 2026
Lucas Nascimento,EcoBuild,Gerente Comercial,lucas.nascimento757,Salvador,
Pedro Santos,AgroTech,VP Comercial,pedro.santos758,Campinas,
Carla Martins,MediaWave,Head de Vendas,carla.martins759,Florianópolis,
Vitor Araújo,LogiPrime,Gerente Comercial,vitor.araújo760,Recife,
Elena Lima,Pinnacle BR,Diretor de Marketing,elena.lima761,Recife,
Olivia Lima,Cloudwise,CMO,olivia.lima762,Rio de Janeiro,Warm lead
Karina Costa,Cloudwise,CEO,karina.costa763,São Paulo,Warm lead
Iris Pereira,RetailHub,CMO,iris.pereira764,Campinas,Indicação
Pedro Oliveira,Aurion,VP Comercial,pedro.oliveira765,Recife,Warm lead
Marina Barbosa,Finovate,Founder,marina.barbosa766,São Paulo,
Rafael Pereira,EduSpark,Diretor de Marketing,rafael.pereira767,São Paulo,Evento 2026
Yasmin Gomes,Pinnacle BR,CEO,yasmin.gomes768,São Paulo,Indicação
Hugo Alves,Dataforge,CMO,hugo.alves769,Rio de Janeiro,Warm lead
Queila Carvalho,Dataforge,CMO,queila.carvalho770,Rio de Janeiro,
João Ferreira,Finovate,Account Executive,joão.ferreira771,Campinas,
Karina Barbosa,MediaWave,CMO,karina.barbosa772,Brasília,Warm lead
Lucas Pereira,Aurion,Founder,lucas.pereira773,São Paulo,Indicação
Hugo Lima,Pinnacle BR,CEO,hugo.lima774,Campinas,
Felipe Souza,Cloudwise,CEO,felipe.souza775,Recife,Evento 2026
Yasmin Ribeiro,EcoBuild,CEO,yasmin.ribeiro776,Campinas,
Vitor Souza,HealthSync,CEO,vitor.souza777,São Paulo,
Nicolas Rocha,MercadoÁgil,CTO,nicolas.rocha778,Florianópolis,Evento 2026
Pedro Lima,Pinnacle BR,CEO,pedro.lima779,Porto Alegre,Warm lead
Vitor Souza,HealthSync,Account Executive,vitor.souza780,Porto Alegre,
Thiago Lima,MercadoÁgil,CTO,thiago.lima781,Florianópolis,
Diego Ferreira,Voltare,CTO,diego.ferreira782,Salvador,Indicação
Thiago Pereira,RetailHub,Gerente Comercial,thiago.pereira783,Florianópolis,Indicação
Lucas Barbosa,Dataforge,CMO,lucas.barbosa784,São Paulo,
Pedro Pereira,EduSpark,Growth Lead,pedro.pereira785,Brasília,Indicação
Ana Silva,HealthSync,CTO,ana.silva786,Rio de Janeiro,
Vitor Martins,Aurion,CTO,vitor.martins787,Florianópolis,
Xavier Souza,MediaWave,Gerente Comercial,xavier.souza788,Curitiba,Warm lead
João Nascimento,Finovate,CEO,joão.nascimento789,Rio de Janeiro,Indicação
Bruno Ferreira,Cloudwise,Diretor de Marketing,bruno.ferreira790,Recife,
Diego Santos,Nexora,CMO,diego.santos791,Belo Horizonte,Evento 2026
Lucas Rocha,EcoBuild,Gerente Comercial,lucas.rocha792,Rio de Janeiro,Evento 2026
Karina Costa,Voltare,Founder,karina.costa793,Recife,Warm lead
Iris Araújo,EduSpark,Growth Lead,iris.araújo794,Recife,Indicação
Diego Lima,EduSpark,CEO,diego.lima795,Belo Horizonte,
Nicolas Carvalho,Finovate,VP Comercial,nicolas.carvalho796,Salvador,Indicação
Thiago Araújo,RetailHub,Diretor de Marketing,thiago.araújo797,Campinas,
Vitor Lima,Finovate,Growth Lead,vitor.lima798,Rio de Janeiro,Warm lead
Olivia Santos,Voltare,Gerente Comercial,olivia.santos799,Brasília,
Wendy Gomes,RetailHub,VP Comercial,wendy.gomes800,Campinas,Indicação
Vitor Rodrigues,LogiPrime,Account Executive,vitor.rodrigues801,Campinas,
Nicolas Almeida,Finovate,Diretor de Marketing,nicolas.almeida802,Recife,Indicação
Rafael Melo,Nexora,CEO,rafael.melo803,Belo Horizonte,
Pedro Martins,AgroTech,CMO,pedro.martins804,Rio de Janeiro,Warm lead
Karina Almeida,Cloudwise,Gerente Comercial,karina.almeida805,São Paulo,
Hugo Ribeiro,HealthSync,Founder,hugo.ribeiro806,Recife,Indicação
Carla Rocha,Finovate,VP Comercial,carla.rocha807,Salvador,
Pedro Rocha,Cloudwise,CTO,pedro.rocha808,Salvador,
Diego Araújo,MercadoÁgil,CEO,diego.araújo809,Florianópolis,
Ana Oliveira,RetailHub,VP Comercial,ana.oliveira810,Campinas,Evento 2026
Queila Ribeiro,Pinnacle BR,Growth Lead,queila.ribeiro811,Brasília,Evento 2026
Bruno Almeida,AgroTech,Growth Lead,bruno.almeida812,Brasília,
Yasmin Melo,EcoBuild,Growth Lead,yasmin.melo813,Brasília,Warm lead
Diego Souza,RetailHub,Head de Vendas,diego.souza814,São Paulo,Evento 2026
Lucas Ferreira,LogiPrime,Account Executive,lucas.ferreira815,Brasília,
Bruno Costa,Finovate,CMO,bruno.costa816,Recife,
Iris Melo,Pinnacle BR,Head de Vendas,iris.melo817,Rio de Janeiro,Warm lead
Gabriela Rocha,AgroTech,Head de Vendas,gabriela.rocha818,Brasília,
Yasmin Barbosa,Nexora,VP Comercial,yasmin.barbosa819,Rio de Janeiro,Warm lead
Olivia Carvalho,LogiPrime,CMO,olivia.carvalho820,Salvador,
Queila Santos,LogiPrime,Founder,queila.santos821,Campinas,Warm lead
Queila Costa,EduSpark,VP Comercial,queila.costa822,Belo Horizonte,Indicação
Diego Araújo,HealthSync,VP Comercial,diego.araújo823,Campinas,Evento 2026
Queila Araújo,MercadoÁgil,VP Comercial,queila.araújo824,Curitiba,Evento 2026
Marina Rodrigues,Dataforge,Growth Lead,marina.rodrigues825,Belo Horizonte,Indicação
Nicolas Melo,EduSpark,Account Executive,nicolas.melo826,Porto Alegre,
Karina Ribeiro,HealthSync,Head de Vendas,karina.ribeiro827,Curitiba,Indicação
Thiago Ferreira,HealthSync,Diretor de Marketing,thiago.ferreira828,Belo Horizonte,Indicação
Queila Ribeiro,EduSpark,Diretor de Marketing,queila.ribeiro829,Rio de Janeiro,Evento 2026
Rafael Martins,EcoBuild,VP Comercial,rafael.martins830,Recife,
João Barbosa,RetailHub,CEO,joão.barbosa831,Florianópolis,
Ana Araújo,Aurion,CEO,ana.araújo832,São Paulo,Indicação
Iris Costa,Dataforge,Gerente Comercial,iris.costa833,Belo Horizonte,
Wendy Ferreira,Pinnacle BR,Account Executive,wendy.ferreira834,São Paulo,Evento 2026
Olivia Souza,EcoBuild,Account Executive,olivia.souza835,Curitiba,
Marina Almeida,LogiPrime,Gerente Comercial,marina.almeida836,São Paulo,Warm lead
Marina Barbosa,RetailHub,Diretor de Marketing,marina.barbosa837,Florianópolis,
Ana Nascimento,Pinnacle BR,VP Comercial,ana.nascimento838,Salvador,Indicação
Ursula Alves,RetailHub,VP Comercial,ursula.alves839,Florianópolis,
Gabriela Pereira,Dataforge,Growth Lead,gabriela.pereira840,Belo Horizonte,
Felipe Costa,EduSpark,Account Executive,felipe.costa841,Rio de Janeiro,Warm lead
Bruno Barbosa,Dataforge,Account Executive,bruno.barbosa842,Porto Alegre,Indicação
Felipe Carvalho,AgroTech,Gerente Comercial,felipe.carvalho843,São Paulo,Evento 2026
Olivia Lima,Nexora,CMO,olivia.lima844,Brasília,
Bruno Melo,AgroTech,Gerente Comercial,bruno.melo845,Salvador,
Rafael Alves,Voltare,Diretor de Marketing,rafael.alves846,Florianópolis,Indicação
Felipe Gomes,Voltare,Account Executive,felipe.gomes847,Belo Horizonte,Warm lead
Rafael Ribeiro,MercadoÁgil,CTO,rafael.ribeiro848,Brasília,Indicação
Gabriela Rodrigues,Cloudwise,Diretor de Marketing,gabriela.rodrigues849,Porto Alegre,Indicação
Yasmin Melo,LogiPrime,Growth Lead,yasmin.melo850,Florianópolis,
Diego Alves,Finovate,Head de Vendas,diego.alves851,Campinas,
Hugo Santos,HealthSync,Diretor de Marketing,hugo.santos852,Recife,
Marina Nascimento,LogiPrime,Gerente Comercial,marina.nascimento853,São Paulo,
Yasmin Alves,LogiPrime,Account Executive,yasmin.alves854,Salvador,Warm lead
Bruno Ferreira,MediaWave,Head de Vendas,bruno.ferreira855,Brasília,
Carla Souza,Aurion,Account Executive,carla.souza856,Florianópolis,
Ursula Oliveira,Pinnacle BR,Head de Vendas,ursula.oliveira857,Recife,
Gabriela Ribeiro,AgroTech,Founder,gabriela.ribeiro858,Rio de Janeiro,Indicação
Ana Rocha,EduSpark,Diretor de Marketing,ana.rocha859,São Paulo,
Carla Santos,Aurion,Gerente Comercial,carla.santos860,Florianópolis,
Sofia Almeida,MediaWave,Gerente Comercial,sofia.almeida861,Recife,Warm lead
Olivia Araújo,MercadoÁgil,Diretor de Marketing,olivia.araújo862,São Paulo,Warm lead
Vitor Souza,LogiPrime,CEO,vitor.souza863,Campinas,
Yasmin Carvalho,Nexora,CTO,yasmin.carvalho864,Brasília,
Diego Ferreira,RetailHub,Gerente Comercial,diego.ferreira865,Campinas,
João Rocha,MercadoÁgil,Founder,joão.rocha866,São Paulo,Warm lead
Felipe Ribeiro,Pinnacle BR,CMO,felipe.ribeiro867,Recife,
João Lima,Dataforge,Diretor de Marketing,joão.lima868,São Paulo,
Rafael Lima,Voltare,CEO,rafael.lima869,São Paulo,
Thiago Araújo,LogiPrime,Account Executive,thiago.araújo870,Rio de Janeiro,Evento 2026
Gabriela Alves,Pinnacle BR,Founder,gabriela.alves871,Florianópolis,Indicação
Felipe Costa,Pinnacle BR,VP Comercial,felipe.costa872,Porto Alegre,Indicação
Diego Costa,HealthSync,VP Comercial,diego.costa873,São Paulo,
Olivia Ribeiro,Voltare,Gerente Comercial,olivia.ribeiro874,Rio de Janeiro,Evento 2026
Diego Pereira,EduSpark,VP Comercial,diego.pereira875,Salvador,Evento 2026
Lucas Lima,HealthSync,Head de Vendas,lucas.lima876,Rio de Janeiro,Evento 2026
Thiago Oliveira,MediaWave,Head de Vendas,thiago.oliveira877,Brasília,Warm lead
Olivia Rodrigues,EcoBuild,Gerente Comercial,olivia.rodrigues878,Campinas,Indicação
Sofia Carvalho,Cloudwise,Diretor de Marketing,sofia.carvalho879,Recife,Indicação
Ana Rodrigues,Pinnacle BR,Head de Vendas,ana.rodrigues880,Recife,Evento 2026
Lucas Lima,HealthSync,Diretor de Marketing,lucas.lima881,Salvador,Warm lead
Olivia Alves,RetailHub,Gerente Comercial,olivia.alves882,Salvador,
Diego Costa,HealthSync,VP Comercial,diego.costa883,Rio de Janeiro,Evento 2026
Elena Ribeiro,Pinnacle BR,Gerente Comercial,elena.ribeiro884,Rio de Janeiro,
Ana Gomes,HealthSync,CEO,ana.gomes885,Campinas,
Marina Carvalho,Pinnacle BR,CEO,marina.carvalho886,Florianópolis,Evento 2026
Rafael Ribeiro,Finovate,CMO,rafael.ribeiro887,Brasília,Warm lead
Hugo Carvalho,EduSpark,Gerente Comercial,hugo.carvalho888,Belo Horizonte,Warm lead
Queila Gomes,Voltare,Founder,queila.gomes889,Brasília,
Ana Almeida,AgroTech,VP Comercial,ana.almeida890,Belo Horizonte,
Elena Rocha,Aurion,CMO,elena.rocha891,Campinas,
Vitor Lima,EduSpark,Growth Lead,vitor.lima892,Brasília,
Hugo Martins,Pinnacle BR,CTO,hugo.martins893,Porto Alegre,Evento 2026
Hugo Santos,HealthSync,Head de Vendas,hugo.santos894,Florianópolis,Evento 2026
Marina Martins,MediaWave,Growth Lead,marina.martins895,São Paulo,
Ursula Rodrigues,Voltare,Account Executive,ursula.rodrigues896,Porto Alegre,Evento 2026
Sofia Ribeiro,EcoBuild,CMO,sofia.ribeiro897,Recife,Warm lead
Lucas Carvalho,HealthSync,CTO,lucas.carvalho898,Florianópolis,Evento 2026
Marina Almeida,LogiPrime,Founder,marina.almeida899,Brasília,Evento 2026
Pedro Martins,MediaWave,VP Comercial,pedro.martins900,São Paulo,
Elena Rocha,Aurion,Head de Vendas,elena.rocha901,Rio de Janeiro,
Ursula Nascimento,Pinnacle BR,CMO,ursula.nascimento902,Belo Horizonte,Indicação
Lucas Melo,EduSpark,CTO,lucas.melo903,Curitiba,Warm lead
Zeca Rodrigues,EduSpark,CTO,zeca.rodrigues904,Salvador,Warm lead
Pedro Pereira,EcoBuild,CMO,pedro.pereira905,Recife,
Hugo Santos,Aurion,VP Comercial,hugo.santos906,Campinas,Indicação
Elena Gomes,Nexora,VP Comercial,elena.gomes907,Belo Horizonte,
Felipe Nascimento,MediaWave,CMO,felipe.nascimento908,Florianópolis,Warm lead
Thiago Carvalho,HealthSync,CEO,thiago.carvalho909,Porto Alegre,
Gabriela Rocha,EcoBuild,Growth Lead,gabriela.rocha910,Salvador,Indicação
Hugo Barbosa,EcoBuild,CMO,hugo.barbosa911,Campinas,Indicação
Thiago Gomes,Dataforge,CMO,thiago.gomes912,Brasília,Warm lead
Thiago Carvalho,Voltare,Head de Vendas,thiago.carvalho913,Recife,Warm lead
Elena Souza,Nexora,Head de Vendas,elena.souza914,Florianópolis,
Vitor Barbosa,AgroTech,CMO,vitor.barbosa915,Campinas,
Felipe Martins,MediaWave,VP Comercial,felipe.martins916,Campinas,
Zeca Ribeiro,LogiPrime,CTO,zeca.ribeiro917,Rio de Janeiro,Warm lead
Vitor Lima,MediaWave,VP Comercial,vitor.lima918,Florianópolis,
Yasmin Barbosa,LogiPrime,Founder,yasmin.barbosa919,Brasília,
Wendy Gomes,MercadoÁgil,Head de Vendas,wendy.gomes920,Salvador,Warm lead
Lucas Carvalho,RetailHub,VP Comercial,lucas.carvalho921,Rio de Janeiro,Warm lead
Elena Nascimento,Finovate,Head de Vendas,elena.nascimento922,Rio de Janeiro,Evento 2026
Thiago Ribeiro,MercadoÁgil,Gerente Comercial,thiago.ribeiro923,Curitiba,
Wendy Silva,EcoBuild,Account Executive,wendy.silva924,Rio de Janeiro,
Ana Araújo,HealthSync,Head de Vendas,ana.araújo925,Brasília,Warm lead
Lucas Souza,Aurion,Founder,lucas.souza926,Campinas,Evento 2026
Iris Ribeiro,MercadoÁgil,VP Comercial,iris.ribeiro927,Brasília,
Iris Araújo,RetailHub,Head de Vendas,iris.araújo928,Recife,
Zeca Ribeiro,Finovate,CMO,zeca.ribeiro929,Brasília,
Rafael Martins,Dataforge,Gerente Comercial,rafael.martins930,Campinas,Evento 2026
Yasmin Araújo,EduSpark,CMO,yasmin.araújo931,Rio de Janeiro,Indicação
Olivia Costa,Voltare,Head de Vendas,olivia.costa932,Florianópolis,Warm lead
Zeca Rodrigues,RetailHub,Account Executive,zeca.rodrigues933,Campinas,
Felipe Araújo,HealthSync,CEO,felipe.araújo934,Rio de Janeiro,Indicação
Pedro Melo,MercadoÁgil,CTO,pedro.melo935,Rio de Janeiro,Evento 2026
Hugo Alves,Voltare,VP Comercial,hugo.alves936,São Paulo,Warm lead
Marina Melo,HealthSync,Account Executive,marina.melo937,Porto Alegre,
Bruno Costa,HealthSync,Growth Lead,bruno.costa938,Salvador,
Gabriela Gomes,Dataforge,Head de Vendas,gabriela.gomes939,São Paulo,
Queila Gomes,EduSpark,Head de Vendas,queila.gomes940,Campinas,Indicação
Vitor Santos,Cloudwise,Head de Vendas,vitor.santos941,São Paulo,Indicação
Carla Nascimento,RetailHub,Founder,carla.nascimento942,Brasília,Warm lead
Marina Carvalho,Pinnacle BR,Account Executive,marina.carvalho943,São Paulo,
Carla Ribeiro,Dataforge,Account Executive,carla.ribeiro944,Campinas,Evento 2026
Lucas Nascimento,Pinnacle BR,VP Comercial,lucas.nascimento945,Curitiba,Warm lead
Marina Carvalho,Nexora,Gerente Comercial,marina.carvalho946,Belo Horizonte,Warm lead
Queila Souza,LogiPrime,CTO,queila.souza947,Florianópolis,Evento 2026
Karina Souza,RetailHub,Account Executive,karina.souza948,Porto Alegre,
Zeca Carvalho,Dataforge,Growth Lead,zeca.carvalho949,Recife,
Pedro Almeida,RetailHub,Diretor de Marketing,pedro.almeida950,Salvador,Warm lead
Sofia Silva,Finovate,CTO,sofia.silva951,Porto Alegre,
Marina Almeida,HealthSync,Head de Vendas,marina.almeida952,Brasília,Warm lead
Lucas Gomes,LogiPrime,CEO,lucas.gomes953,Porto Alegre,Indicação
João Oliveira,MercadoÁgil,Diretor de Marketing,joão.oliveira954,Rio de Janeiro,
Felipe Martins,Cloudwise,Diretor de Marketing,felipe.martins955,Curitiba,
Iris Costa,EduSpark,Head de Vendas,iris.costa956,Salvador,Indicação
Hugo Almeida,AgroTech,Gerente Comercial,hugo.almeida957,Curitiba,Indicação
Gabriela Almeida,AgroTech,VP Comercial,gabriela.almeida958,Brasília,Indicação
Yasmin Souza,Voltare,CTO,yasmin.souza959,Salvador,
Ana Ribeiro,Nexora,Growth Lead,ana.ribeiro960,Brasília,
Karina Martins,MediaWave,VP Comercial,karina.martins961,Porto Alegre,Warm lead
Felipe Gomes,Dataforge,Founder,felipe.gomes962,Curitiba,
Elena Santos,LogiPrime,Founder,elena.santos963,Salvador,
Bruno Gomes,Cloudwise,Founder,bruno.gomes964,Belo Horizonte,Warm lead
Diego Gomes,Finovate,Diretor de Marketing,diego.gomes965,São Paulo,
Vitor Pereira,MercadoÁgil,VP Comercial,vitor.pereira966,Rio de Janeiro,Evento 2026
Lucas Melo,AgroTech,Gerente Comercial,lucas.melo967,Belo Horizonte,
Iris Almeida,Dataforge,Growth Lead,iris.almeida968,Campinas,Evento 2026
Lucas Costa,Finovate,Founder,lucas.costa969,Curitiba,Warm lead
Wendy Alves,Cloudwise,Founder,wendy.alves970,Porto Alegre,Warm lead
Felipe Carvalho,Aurion,VP Comercial,felipe.carvalho971,Curitiba,
Xavier Nascimento,RetailHub,Head de Vendas,xavier.nascimento972,Florianópolis,Warm lead
Marina Pereira,Aurion,CMO,marina.pereira973,Salvador,
Felipe Barbosa,Finovate,CMO,felipe.barbosa974,Florianópolis,
Xavier Rodrigues,RetailHub,Growth Lead,xavier.rodrigues975,Porto Alegre,Evento 2026
Rafael Carvalho,Nexora,Founder,rafael.carvalho976,Rio de Janeiro,Indicação
Bruno Pereira,AgroTech,Gerente Comercial,bruno.pereira977,Salvador,
Olivia Rodrigues,Dataforge,Diretor de Marketing,olivia.rodrigues978,Brasília,
Rafael Nascimento,Cloudwise,CEO,rafael.nascimento979,Recife,
Lucas Melo,Pinnacle BR,VP Comercial,lucas.melo980,Campinas,
Felipe Ferreira,Cloudwise,Diretor de Marketing,felipe.ferreira981,Florianópolis,Warm lead
Yasmin Rocha,MediaWave,CTO,yasmin.rocha982,Recife,
João Rocha,HealthSync,CMO,joão.rocha983,Belo Horizonte,Evento 2026
Nicolas Melo,EcoBuild,Founder,nicolas.melo984,Rio de Janeiro,
Felipe Rodrigues,Pinnacle BR,Diretor de Marketing,felipe.rodrigues985,Brasília,Evento 2026
Wendy Nascimento,EcoBuild,Founder,wendy.nascimento986,Porto Alegre,Warm lead
Yasmin Alves,EduSpark,VP Comercial,yasmin.alves987,Florianópolis,Warm lead
Nicolas Costa,Aurion,CEO,nicolas.costa988,Belo Horizonte,Indicação
Vitor Nascimento,EduSpark,CTO,vitor.nascimento989,Curitiba,Indicação
Marina Souza,Voltare,CTO,marina.souza990,Salvador,
Bruno Silva,RetailHub,Founder,bruno.silva991,Florianópolis,
Diego Nascimento,EcoBuild,CMO,diego.nascimento992,Rio de Janeiro,Warm lead
João Almeida,Pinnacle BR,Gerente Comercial,joão.almeida993,Salvador,Indicação
Elena Gomes,AgroTech,CMO,elena.gomes994,São Paulo,
Vitor Alves,AgroTech,Diretor de Marketing,vitor.alves995,Salvador,Warm lead
Rafael Nascimento,LogiPrime,Growth Lead,rafael.nascimento996,Belo Horizonte,
Felipe Carvalho,EcoBuild,Growth Lead,felipe.carvalho997,Campinas,Warm lead
Queila Ribeiro,Dataforge,Diretor de Marketing,queila.ribeiro998,Salvador,
Hugo Oliveira,Finovate,Gerente Comercial,hugo.oliveira999,Brasília,Warm lead
Iris Lima,Dataforge,CEO,iris.lima1000,São Paulo,
Yasmin Lima,Cloudwise,Gerente Comercial,yasmin.lima1001,Salvador,
Ana Martins,RetailHub,Growth Lead,ana.martins1002,Porto Alegre,
Yasmin Barbosa,RetailHub,Gerente Comercial,yasmin.barbosa1003,Campinas,Indicação
Zeca Silva,LogiPrime,Diretor de Marketing,zeca.silva1004,Curitiba,Warm lead
Rafael Barbosa,MercadoÁgil,Head de Vendas,rafael.barbosa1005,Belo Horizonte,Warm lead
Marina Almeida,Dataforge,CTO,marina.almeida1006,Recife,Indicação
Queila Melo,RetailHub,Gerente Comercial,queila.melo1007,Porto Alegre,
Zeca Nascimento,MercadoÁgil,Head de Vendas,zeca.nascimento1008,Rio de Janeiro,Indicação
Elena Ferreira,Voltare,Growth Lead,elena.ferreira1009,Campinas,Warm lead
Iris Melo,Finovate,Head de Vendas,iris.melo1010,Brasília,
Elena Santos,LogiPrime,CEO,elena.santos1011,Belo Horizonte,
João Nascimento,Aurion,Growth Lead,joão.nascimento1012,São Paulo,Indicação
Carla Lima,Nexora,Growth Lead,carla.lima1013,Curitiba,Evento 2026
Nicolas Ferreira,RetailHub,Growth Lead,nicolas.ferreira1014,Brasília,Warm lead
Wendy Santos,Cloudwise,CTO,wendy.santos1015,Belo Horizonte,
Iris Araújo,Voltare,Account Executive,iris.araújo1016,Salvador,Indicação
Gabriela Nascimento,AgroTech,Founder,gabriela.nascimento1017,São Paulo,
Yasmin Almeida,MercadoÁgil,Growth Lead,yasmin.almeida1018,Curitiba,
Gabriela Rocha,EduSpark,CTO,gabriela.rocha1019,Florianópolis,Indicação
Pedro Araújo,HealthSync,Gerente Comercial,pedro.araújo1020,Brasília,Indicação
Ursula Santos,EduSpark,Account Executive,ursula.santos1021,Florianópolis,
Iris Martins,HealthSync,Gerente Comercial,iris.martins1022,Curitiba,Evento 2026
Bruno Pereira,Voltare,Head de Vendas,bruno.pereira1023,Recife,Evento 2026
Ana Costa,RetailHub,Gerente Comercial,ana.costa1024,Campinas,
Marina Almeida,Nexora,CEO,marina.almeida1025,Campinas,Warm lead
Wendy Melo,Aurion,Diretor de Marketing,wendy.melo1026,Rio de Janeiro,Indicação
Felipe Martins,Voltare,VP Comercial,felipe.martins1027,Brasília,
Bruno Alves,HealthSync,CMO,bruno.alves1028,Florianópolis,
Elena Martins,Pinnacle BR,Diretor de Marketing,elena.martins1029,Florianópolis,Evento 2026
Zeca Rocha,EduSpark,Head de Vendas,zeca.rocha1030,São Paulo,Warm lead
Lucas Lima,Dataforge,CEO,lucas.lima1031,Salvador,Warm lead
Rafael Ferreira,LogiPrime,Growth Lead,rafael.ferreira1032,Curitiba,
Felipe Ribeiro,Cloudwise,Diretor de Marketing,felipe.ribeiro1033,Salvador,Evento 2026
Thiago Ribeiro,Aurion,CTO,thiago.ribeiro1034,Florianópolis,Indicação
Olivia Ferreira,AgroTech,Gerente Comercial,olivia.ferreira1035,Florianópolis,Evento 2026
Olivia Silva,RetailHub,Account Executive,olivia.silva1036,Recife,Indicação
Ana Melo,AgroTech,Diretor de Marketing,ana.melo1037,Campinas,Indicação
Karina Oliveira,HealthSync,Account Executive,karina.oliveira1038,Recife,Indicação
Queila Martins,RetailHub,Account Executive,queila.martins1039,Belo Horizonte,
João Rodrigues,MercadoÁgil,Diretor de Marketing,joão.rodrigues1040,Rio de Janeiro,
Queila Oliveira,Nexora,CMO,queila.oliveira1041,Belo Horizonte,
Gabriela Souza,Finovate,Head de Vendas,gabriela.souza1042,Rio de Janeiro,
Sofia Araújo,HealthSync,Growth Lead,sofia.araújo1043,Florianópolis,
Wendy Carvalho,Dataforge,CEO,wendy.carvalho1044,Brasília,Indicação
Thiago Oliveira,Nexora,Head de Vendas,thiago.oliveira1045,Salvador,
Olivia Santos,Cloudwise,Account Executive,olivia.santos1046,Recife,Evento 2026
Zeca Santos,AgroTech,VP Comercial,zeca.santos1047,Porto Alegre,
Bruno Oliveira,AgroTech,Gerente Comercial,bruno.oliveira1048,Rio de Janeiro,Indicação
Queila Souza,Voltare,Head de Vendas,queila.souza1049,Florianópolis,Warm lead
Gabriela Pereira,LogiPrime,Head de Vendas,gabriela.pereira1050,Campinas,Indicação
Rafael Ribeiro,MercadoÁgil,CTO,rafael.ribeiro1051,Campinas,Evento 2026
Vitor Rocha,EduSpark,Founder,vitor.rocha1052,Rio de Janeiro,Indicação
Zeca Costa,LogiPrime,Founder,zeca.costa1053,Florianópolis,Evento 2026
Vitor Costa,LogiPrime,VP Comercial,vitor.costa1054,Salvador,Evento 2026
Karina Ribeiro,Cloudwise,Diretor de Marketing,karina.ribeiro1055,Recife,Warm lead
Xavier Rodrigues,EcoBuild,Head de Vendas,xavier.rodrigues1056,Campinas,
Gabriela Araújo,RetailHub,Account Executive,gabriela.araújo1057,Porto Alegre,Evento 2026
Olivia Rocha,MercadoÁgil,CEO,olivia.rocha1058,São Paulo,Evento 2026
Thiago Silva,LogiPrime,CMO,thiago.silva1059,Porto Alegre,
João Almeida,Pinnacle BR,Diretor de Marketing,joão.almeida1060,São Paulo,Evento 2026
Rafael Gomes,LogiPrime,VP Comercial,rafael.gomes1061,Campinas,Indicação
Diego Santos,Finovate,Diretor de Marketing,diego.santos1062,Belo Horizonte,Indicação
Iris Alves,MediaWave,VP Comercial,iris.alves1063,Curitiba,Indicação
Iris Ferreira,Voltare,VP Comercial,iris.ferreira1064,Recife,
Gabriela Oliveira,EduSpark,Diretor de Marketing,gabriela.oliveira1065,Salvador,Indicação
Pedro Carvalho,AgroTech,CTO,pedro.carvalho1066,Campinas,Evento 2026
Bruno Carvalho,MercadoÁgil,CTO,bruno.carvalho1067,São Paulo,Evento 2026
Lucas Barbosa,MercadoÁgil,CTO,lucas.barbosa1068,Curitiba,
Ana Araújo,Nexora,Gerente Comercial,ana.araújo1069,Florianópolis,
Karina Ribeiro,EcoBuild,CMO,karina.ribeiro1070,Brasília,
Wendy Almeida,Aurion,CEO,wendy.almeida1071,Recife,Warm lead
Yasmin Melo,EcoBuild,Account Executive,yasmin.melo1072,Rio de Janeiro,Indicação
Nicolas Ferreira,RetailHub,Founder,nicolas.ferreira1073,Belo Horizonte,Indicação
Karina Oliveira,Finovate,VP Comercial,karina.oliveira1074,São Paulo,
Marina Nascimento,Voltare,Founder,marina.nascimento1075,Florianópolis,Warm lead
Yasmin Lima,RetailHub,CMO,yasmin.lima1076,Salvador,
Gabriela Martins,MercadoÁgil,VP Comercial,gabriela.martins1077,Curitiba,
Thiago Gomes,Pinnacle BR,Head de Vendas,thiago.gomes1078,Rio de Janeiro,Evento 2026
Yasmin Barbosa,Cloudwise,VP Comercial,yasmin.barbosa1079,Rio de Janeiro,
Vitor Barbosa,MercadoÁgil,Diretor de Marketing,vitor.barbosa1080,Brasília,Indicação
Karina Alves,EcoBuild,CEO,karina.alves1081,Porto Alegre,Indicação
Lucas Melo,AgroTech,Growth Lead,lucas.melo1082,Campinas,Indicação
Olivia Santos,MediaWave,Head de Vendas,olivia.santos1083,Curitiba,Evento 2026
Elena Oliveira,Voltare,CEO,elena.oliveira1084,Curitiba,
Elena Ferreira,Nexora,Diretor de Marketing,elena.ferreira1085,Rio de Janeiro,Evento 2026
Olivia Martins,Nexora,Diretor de Marketing,olivia.martins1086,Curitiba,
Gabriela Pereira,LogiPrime,Account Executive,gabriela.pereira1087,Porto Alegre,
Pedro Melo,EduSpark,CMO,pedro.melo1088,São Paulo,Warm lead
Sofia Gomes,Nexora,Gerente Comercial,sofia.gomes1089,Belo Horizonte,
João Pereira,RetailHub,VP Comercial,joão.pereira1090,Porto Alegre,
Olivia Silva,Voltare,Founder,olivia.silva1091,Porto Alegre,Evento 2026
Diego Silva,Dataforge,Founder,diego.silva1092,Curitiba,Warm lead
Queila Souza,MediaWave,Diretor de Marketing,queila.souza1093,Salvador,
Rafael Oliveira,Aurion,Head de Vendas,rafael.oliveira1094,Florianópolis,Warm lead
Rafael Silva,Nexora,Head de Vendas,rafael.silva1095,Florianópolis,Evento 2026
Karina Martins,MercadoÁgil,CMO,karina.martins1096,São Paulo,Evento 2026
Vitor Alves,Cloudwise,Gerente Comercial,vitor.alves1097,Curitiba,
Iris Santos,HealthSync,Gerente Comercial,iris.santos1098,Recife,
Rafael Nascimento,Pinnacle BR,CMO,rafael.nascimento1099,Brasília,Warm lead
Vitor Lima,Voltare,Founder,vitor.lima1100,Florianópolis,
Ursula Almeida,MercadoÁgil,Head de Vendas,ursula.almeida1101,Campinas,Indicação
Nicolas Ferreira,MediaWave,VP Comercial,nicolas.ferreira1102,Brasília,Warm lead
Rafael Lima,Pinnacle BR,CMO,rafael.lima1103,Campinas,
Vitor Pereira,AgroTech,CMO,vitor.pereira1104,Porto Alegre,
Elena Barbosa,MediaWave,CMO,elena.barbosa1105,Campinas,Indicação
Karina Oliveira,LogiPrime,Account Executive,karina.oliveira1106,Rio de Janeiro,Indicação
Karina Lima,EduSpark,CEO,karina.lima1107,Brasília,Warm lead
Nicolas Ferreira,Finovate,Gerente Comercial,nicolas.ferreira1108,Belo Horizonte,Indicação
Diego Lima,Aurion,CEO,diego.lima1109,Campinas,
Iris Melo,EcoBuild,VP Comercial,iris.melo1110,Curitiba,
Hugo Almeida,HealthSync,CEO,hugo.almeida1111,Brasília,
Wendy Martins,Aurion,Account Executive,wendy.martins1112,Campinas,Warm lead
Wendy Alves,Aurion,Founder,wendy.alves1113,Salvador,Warm lead
Elena Costa,Pinnacle BR,Head de Vendas,elena.costa1114,São Paulo,Warm lead
Yasmin Silva,MediaWave,Gerente Comercial,yasmin.silva1115,Recife,Indicação
Xavier Pereira,RetailHub,Head de Vendas,xavier.pereira1116,Rio de Janeiro,Indicação
Olivia Melo,Finovate,Diretor de Marketing,olivia.melo1117,Salvador,Indicação
Nicolas Araújo,RetailHub,CEO,nicolas.araújo1118,Campinas,Warm lead
Xavier Rodrigues,MercadoÁgil,VP Comercial,xavier.rodrigues1119,Campinas,
Rafael Gomes,HealthSync,CEO,rafael.gomes1120,Florianópolis,
Olivia Rocha,AgroTech,CEO,olivia.rocha1121,Curitiba,
Rafael Araújo,EduSpark,CEO,rafael.araújo1122,Florianópolis,Warm lead
Queila Santos,Pinnacle BR,Gerente Comercial,queila.santos1123,Salvador,Warm lead
João Ferreira,Finovate,CMO,joão.ferreira1124,Recife,Evento 2026
Thiago Santos,EduSpark,Account Executive,thiago.santos1125,Belo Horizonte,Warm lead
Ursula Rocha,Voltare,Account Executive,ursula.rocha1126,Rio de Janeiro,Indicação
Yasmin Carvalho,MediaWave,Account Executive,yasmin.carvalho1127,Belo Horizonte,Warm lead
Nicolas Rodrigues,Finovate,CEO,nicolas.rodrigues1128,Belo Horizonte,Warm lead
Sofia Pereira,MediaWave,Growth Lead,sofia.pereira1129,Rio de Janeiro,Evento 2026
Karina Costa,EduSpark,CTO,karina.costa1130,Rio de Janeiro,
Wendy Rocha,HealthSync,Diretor de Marketing,wendy.rocha1131,Rio de Janeiro,
Wendy Araújo,EduSpark,Account Executive,wendy.araújo1132,Campinas,Indicação
Marina Ribeiro,MercadoÁgil,CEO,marina.ribeiro1133,Belo Horizonte,Evento 2026
Sofia Lima,Aurion,CMO,sofia.lima1134,Belo Horizonte,
Nicolas Ferreira,Dataforge,Growth Lead,nicolas.ferreira1135,Porto Alegre,Indicação
Diego Lima,Pinnacle BR,CEO,diego.lima1136,Campinas,Evento 2026
Ana Rocha,Finovate,Growth Lead,ana.rocha1137,Florianópolis,
Thiago Martins,Pinnacle BR,Head de Vendas,thiago.martins1138,Campinas,Warm lead
Olivia Barbosa,Finovate,CTO,olivia.barbosa1139,Campinas,
Ana Almeida,MediaWave,Account Executive,ana.almeida1140,Porto Alegre,
Ursula Ribeiro,AgroTech,Head de Vendas,ursula.ribeiro1141,São Paulo,Indicação
Elena Santos,HealthSync,Diretor de Marketing,elena.santos1142,São Paulo,Indicação
Bruno Carvalho,AgroTech,VP Comercial,bruno.carvalho1143,Porto Alegre,Evento 2026
Carla Santos,Voltare,Founder,carla.santos1144,Belo Horizonte,Indicação
Vitor Ferreira,EcoBuild,VP Comercial,vitor.ferreira1145,Campinas,
Felipe Rocha,EduSpark,VP Comercial,felipe.rocha1146,Brasília,
Carla Ferreira,Cloudwise,Diretor de Marketing,carla.ferreira1147,Recife,
Yasmin Barbosa,AgroTech,Account Executive,yasmin.barbosa1148,Rio de Janeiro,Evento 2026
Pedro Lima,Voltare,Gerente Comercial,pedro.lima1149,Brasília,
Nicolas Gomes,Pinnacle BR,Head de Vendas,nicolas.gomes1150,Campinas,
Diego Carvalho,EduSpark,Account Executive,diego.carvalho1151,Rio de Janeiro,Warm lead
Xavier Melo,MediaWave,Gerente Comercial,xavier.melo1152,Recife,
Karina Nascimento,LogiPrime,VP Comercial,karina.nascimento1153,Campinas,Evento 2026
Elena Melo,EcoBuild,Growth Lead,elena.melo1154,Florianópolis,Warm lead
Pedro Costa,MediaWave,VP Comercial,pedro.costa1155,Curitiba,Evento 2026
Gabriela Silva,Voltare,CEO,gabriela.silva1156,Salvador,
Xavier Pereira,RetailHub,VP Comercial,xavier.pereira1157,Recife,Warm lead
Bruno Rodrigues,Cloudwise,Account Executive,bruno.rodrigues1158,Curitiba,
Ursula Pereira,EduSpark,Gerente Comercial,ursula.pereira1159,Porto Alegre,
João Ferreira,LogiPrime,Account Executive,joão.ferreira1160,Brasília,
Diego Rodrigues,Cloudwise,Founder,diego.rodrigues1161,Campinas,
Ana Costa,Pinnacle BR,Diretor de Marketing,ana.costa1162,Brasília,Warm lead
Pedro Santos,HealthSync,CMO,pedro.santos1163,Salvador,Indicação
Ursula Rocha,MediaWave,Account Executive,ursula.rocha1164,Brasília,Warm lead
Zeca Barbosa,MediaWave,CEO,zeca.barbosa1165,Florianópolis,Evento 2026
Sofia Rodrigues,LogiPrime,Account Executive,sofia.rodrigues1166,São Paulo,Indicação
Sofia Rodrigues,RetailHub,Diretor de Marketing,sofia.rodrigues1167,Rio de Janeiro,Indicação
Iris Silva,Cloudwise,Founder,iris.silva1168,Florianópolis,Indicação
Sofia Melo,MercadoÁgil,CMO,sofia.melo1169,Campinas,
Zeca Ferreira,EduSpark,Diretor de Marketing,zeca.ferreira1170,São Paulo,Evento 2026
Nicolas Oliveira,Finovate,Head de Vendas,nicolas.oliveira1171,Brasília,Warm lead
João Pereira,LogiPrime,Gerente Comercial,joão.pereira1172,Belo Horizonte,
Lucas Santos,RetailHub,Head de Vendas,lucas.santos1173,Rio de Janeiro,Warm lead
Queila Silva,RetailHub,Growth Lead,queila.silva1174,Florianópolis,Indicação
Gabriela Rodrigues,MediaWave,Growth Lead,gabriela.rodrigues1175,Florianópolis,Evento 2026
Yasmin Rodrigues,Aurion,CTO,yasmin.rodrigues1176,Florianópolis,Indicação
Gabriela Santos,Finovate,Founder,gabriela.santos1177,Florianópolis,
Ana Ferreira,MediaWave,CEO,ana.ferreira1178,Campinas,
Karina Rocha,MediaWave,CEO,karina.rocha1179,Rio de Janeiro,
Yasmin Ferreira,Nexora,VP Comercial,yasmin.ferreira1180,Porto Alegre,Indicação
Karina Pereira,Pinnacle BR,Gerente Comercial,karina.pereira1181,Porto Alegre,
Karina Rocha,HealthSync,CTO,karina.rocha1182,Porto Alegre,Indicação
Felipe Nascimento,Voltare,CEO,felipe.nascimento1183,Campinas,
Queila Souza,Pinnacle BR,Account Executive,queila.souza1184,Brasília,
Karina Nascimento,Aurion,Gerente Comercial,karina.nascimento1185,Campinas,Indicação
Felipe Oliveira,Dataforge,VP Comercial,felipe.oliveira1186,Brasília,
Olivia Santos,Aurion,CEO,olivia.santos1187,Salvador,
Diego Araújo,Nexora,CTO,diego.araújo1188,Recife,Warm lead
Felipe Melo,MediaWave,VP Comercial,felipe.melo1189,Salvador,
Lucas Ferreira,Cloudwise,Head de Vendas,lucas.ferreira1190,Florianópolis,
Yasmin Rocha,EcoBuild,CMO,yasmin.rocha1191,Rio de Janeiro,Warm lead
Diego Rocha,Dataforge,Growth Lead,diego.rocha1192,Salvador,Indicação
Hugo Lima,AgroTech,VP Comercial,hugo.lima1193,Porto Alegre,Evento 2026
Marina Costa,EduSpark,Diretor de Marketing,marina.costa1194,Brasília,Warm lead
Pedro Silva,Voltare,Growth Lead,pedro.silva1195,Rio de Janeiro,Evento 2026
Pedro Rocha,AgroTech,CMO,pedro.rocha1196,Porto Alegre,Evento 2026
Thiago Carvalho,Aurion,Account Executive,thiago.carvalho1197,Rio de Janeiro,Warm lead
Wendy Souza,Cloudwise,Account Executive,wendy.souza1198,Rio de Janeiro,Evento 2026
Rafael Rocha,MercadoÁgil,VP Comercial,rafael.rocha1199,Recife,Indicação
Thiago Almeida,LogiPrime,CMO,thiago.almeida1200,Salvador,Warm lead
Carla Rodrigues,Pinnacle BR,VP Comercial,carla.rodrigues1201,Recife,Warm lead
Sofia Rodrigues,LogiPrime,Head de Vendas,sofia.rodrigues1202,Belo Horizonte,
Xavier Carvalho,AgroTech,Growth Lead,xavier.carvalho1203,Rio de Janeiro,
Thiago Rocha,Cloudwise,Account Executive,thiago.rocha1204,Rio de Janeiro,Warm lead
Felipe Ferreira,MercadoÁgil,CTO,felipe.ferreira1205,Campinas,
Vitor Melo,RetailHub,Founder,vitor.melo1206,Brasília,Warm lead
Ursula Santos,Voltare,Head de Vendas,ursula.santos1207,Belo Horizonte,
Yasmin Silva,RetailHub,CMO,yasmin.silva1208,Belo Horizonte,Warm lead
Rafael Ferreira,MercadoÁgil,VP Comercial,rafael.ferreira1209,Campinas,Warm lead
Gabriela Pereira,HealthSync,Diretor de Marketing,gabriela.pereira1210,Porto Alegre,
Zeca Ferreira,MediaWave,Founder,zeca.ferreira1211,Brasília,
Sofia Silva,EcoBuild,Account Executive,sofia.silva1212,Recife,Indicação
João Santos,Cloudwise,Account Executive,joão.santos1213,São Paulo,
Wendy Ribeiro,AgroTech,Diretor de Marketing,wendy.ribeiro1214,Rio de Janeiro,Evento 2026
Ana Almeida,MercadoÁgil,VP Comercial,ana.almeida1215,Recife,Evento 2026
Wendy Araújo,MercadoÁgil,Founder,wendy.araújo1216,Recife,
Gabriela Costa,Finovate,CMO,gabriela.costa1217,Curitiba,
Marina Alves,AgroTech,Founder,marina.alves1218,Belo Horizonte,Evento 2026
Vitor Lima,Aurion,CEO,vitor.lima1219,Rio de Janeiro,
Elena Martins,HealthSync,Founder,elena.martins1220,Belo Horizonte,
Elena Barbosa,AgroTech,Growth Lead,elena.barbosa1221,Campinas,Warm lead
Thiago Costa,Finovate,Account Executive,thiago.costa1222,Recife,
Olivia Araújo,Cloudwise,Head de Vendas,olivia.araújo1223,Belo Horizonte,Warm lead
Thiago Silva,EcoBuild,Growth Lead,thiago.silva1224,Curitiba,
Iris Barbosa,MediaWave,Account Executive,iris.barbosa1225,Campinas,Evento 2026
Bruno Santos,EcoBuild,Growth Lead,bruno.santos1226,Brasília,
Sofia Martins,EduSpark,CTO,sofia.martins1227,Belo Horizonte,
Yasmin Nascimento,Finovate,Account Executive,yasmin.nascimento1228,Rio de Janeiro,
Thiago Oliveira,Pinnacle BR,Growth Lead,thiago.oliveira1229,Rio de Janeiro,
Zeca Carvalho,Dataforge,VP Comercial,zeca.carvalho1230,São Paulo,Evento 2026
Rafael Silva,Finovate,Growth Lead,rafael.silva1231,Florianópolis,Warm lead
Sofia Rodrigues,MercadoÁgil,Diretor de Marketing,sofia.rodrigues1232,Porto Alegre,Evento 2026
Felipe Santos,EduSpark,VP Comercial,felipe.santos1233,Porto Alegre,
Iris Santos,HealthSync,Growth Lead,iris.santos1234,Campinas,Indicação
Sofia Santos,HealthSync,Gerente Comercial,sofia.santos1235,Campinas,
João Martins,Voltare,CMO,joão.martins1236,Florianópolis,
Zeca Nascimento,Dataforge,CMO,zeca.nascimento1237,Campinas,Evento 2026
Iris Nascimento,Nexora,CTO,iris.nascimento1238,Campinas,Indicação
Sofia Lima,HealthSync,Growth Lead,sofia.lima1239,Brasília,Indicação
Iris Almeida,Finovate,CMO,iris.almeida1240,Florianópolis,
Karina Oliveira,Aurion,VP Comercial,karina.oliveira1241,Belo Horizonte,Warm lead
Yasmin Barbosa,RetailHub,Founder,yasmin.barbosa1242,Curitiba,Warm lead
Xavier Costa,Pinnacle BR,VP Comercial,xavier.costa1243,Brasília,
Ursula Nascimento,RetailHub,CTO,ursula.nascimento1244,São Paulo,Indicação
Olivia Araújo,Finovate,Gerente Comercial,olivia.araújo1245,Salvador,
Hugo Araújo,HealthSync,Founder,hugo.araújo1246,Salvador,Evento 2026
Elena Gomes,AgroTech,Founder,elena.gomes1247,São Paulo,Evento 2026
Zeca Rocha,MercadoÁgil,Diretor de Marketing,zeca.rocha1248,Florianópolis,
Diego Ribeiro,HealthSync,Diretor de Marketing,diego.ribeiro1249,Recife,
Ursula Nascimento,Cloudwise,Gerente Comercial,ursula.nascimento1250,Porto Alegre,
Iris Carvalho,MercadoÁgil,Growth Lead,iris.carvalho1251,Curitiba,
Yasmin Pereira,LogiPrime,Diretor de Marketing,yasmin.pereira1252,Belo Horizonte,Evento 2026
Rafael Silva,HealthSync,CEO,rafael.silva1253,Rio de Janeiro,
Nicolas Souza,LogiPrime,CTO,nicolas.souza1254,Salvador,Evento 2026
Hugo Ferreira,Dataforge,Head de Vendas,hugo.ferreira1255,São Paulo,
Thiago Oliveira,Nexora,VP Comercial,thiago.oliveira1256,Curitiba,
Ursula Souza,EduSpark,CTO,ursula.souza1257,Rio de Janeiro,
Elena Araújo,HealthSync,VP Comercial,elena.araújo1258,Belo Horizonte,
Wendy Costa,Dataforge,Gerente Comercial,wendy.costa1259,Salvador,
Ursula Rocha,MediaWave,Gerente Comercial,ursula.rocha1260,Recife,Evento 2026
Iris Costa,RetailHub,CTO,iris.costa1261,Porto Alegre,
Marina Araújo,Cloudwise,CEO,marina.araújo1262,Porto Alegre,Evento 2026
Felipe Rocha,Voltare,Growth Lead,felipe.rocha1263,Curitiba,
Marina Costa,HealthSync,Growth Lead,marina.costa1264,Rio de Janeiro,Indicação
Rafael Barbosa,Pinnacle BR,VP Comercial,rafael.barbosa1265,Rio de Janeiro,Warm lead
Wendy Nascimento,Voltare,CEO,wendy.nascimento1266,Rio de Janeiro,
Sofia Nascimento,RetailHub,Growth Lead,sofia.nascimento1267,São Paulo,Warm lead
Elena Silva,MediaWave,CEO,elena.silva1268,Recife,Evento 2026
Elena Rodrigues,MediaWave,Founder,elena.rodrigues1269,Campinas,
Queila Martins,Finovate,Founder,queila.martins1270,Recife,
Rafael Almeida,Nexora,Founder,rafael.almeida1271,Salvador,
Sofia Ribeiro,MediaWave,Diretor de Marketing,sofia.ribeiro1272,Brasília,Evento 2026
Marina Santos,HealthSync,CTO,marina.santos1273,Brasília,
Karina Oliveira,AgroTech,Growth Lead,karina.oliveira1274,Porto Alegre,Indicação
Felipe Ribeiro,Nexora,Founder,felipe.ribeiro1275,Curitiba,Evento 2026
Wendy Araújo,MediaWave,CTO,wendy.araújo1276,Brasília,Warm lead
Carla Rocha,EduSpark,Head de Vendas,carla.rocha1277,Belo Horizonte,
Gabriela Silva,EduSpark,VP Comercial,gabriela.silva1278,Curitiba,Warm lead
Marina Oliveira,RetailHub,Account Executive,marina.oliveira1279,Porto Alegre,Warm lead
Rafael Rocha,Nexora,CEO,rafael.rocha1280,Brasília,
Karina Santos,MercadoÁgil,CTO,karina.santos1281,Curitiba,
Olivia Ribeiro,Aurion,VP Comercial,olivia.ribeiro1282,Curitiba,
Bruno Lima,Finovate,CEO,bruno.lima1283,Salvador,
Bruno Almeida,EduSpark,CMO,bruno.almeida1284,São Paulo,Indicação
Ursula Santos,MediaWave,Gerente Comercial,ursula.santos1285,Rio de Janeiro,Warm lead
Thiago Costa,AgroTech,VP Comercial,thiago.costa1286,Rio de Janeiro,
Diego Martins,EcoBuild,VP Comercial,diego.martins1287,Curitiba,
Zeca Pereira,MercadoÁgil,Diretor de Marketing,zeca.pereira1288,Recife,Evento 2026
Diego Carvalho,LogiPrime,CMO,diego.carvalho1289,Brasília,Indicação
Yasmin Santos,EcoBuild,CMO,yasmin.santos1290,Brasília,
Diego Nascimento,Aurion,Founder,diego.nascimento1291,Belo Horizonte,Evento 2026
Rafael Costa,Finovate,Head de Vendas,rafael.costa1292,Campinas,
Elena Souza,RetailHub,VP Comercial,elena.souza1293,Recife,Indicação
Ana Martins,Voltare,CEO,ana.martins1294,São Paulo,Indicação
Carla Carvalho,MediaWave,Gerente Comercial,carla.carvalho1295,Recife,Warm lead
Wendy Lima,Pinnacle BR,CMO,wendy.lima1296,Porto Alegre,
Olivia Barbosa,Pinnacle BR,CMO,olivia.barbosa1297,Campinas,
Thiago Costa,EduSpark,Growth Lead,thiago.costa1298,Campinas,
Ursula Ferreira,Cloudwise,Founder,ursula.ferreira1299,São Paulo,
Hugo Pereira,Voltare,Account Executive,hugo.pereira1300,Rio de Janeiro,
Lucas Ribeiro,LogiPrime,Head de Vendas,lucas.ribeiro1301,Salvador,Indicação
Iris Santos,Pinnacle BR,CTO,iris.santos1302,Belo Horizonte,Warm lead
Pedro Costa,Aurion,CEO,pedro.costa1303,São Paulo,Evento 2026
João Pereira,MercadoÁgil,Gerente Comercial,joão.pereira1304,Brasília,
Zeca Rocha,Nexora,CTO,zeca.rocha1305,São Paulo,
Felipe Costa,RetailHub,CEO,felipe.costa1306,Salvador,
Diego Oliveira,MediaWave,Head de Vendas,diego.oliveira1307,Salvador,
Sofia Rodrigues,MercadoÁgil,Head de Vendas,sofia.rodrigues1308,Brasília,Indicação
Yasmin Souza,Cloudwise,Head de Vendas,yasmin.souza1309,Rio de Janeiro,Indicação
Xavier Barbosa,AgroTech,Head de Vendas,xavier.barbosa1310,Recife,Indicação
Carla Martins,EcoBuild,Growth Lead,carla.martins1311,São Paulo,Warm lead
Elena Pereira,MediaWave,VP Comercial,elena.pereira1312,Salvador,Indicação
Marina Alves,Aurion,Growth Lead,marina.alves1313,Curitiba,Evento 2026
Iris Pereira,Cloudwise,CMO,iris.pereira1314,São Paulo,
Bruno Nascimento,Aurion,CTO,bruno.nascimento1315,Salvador,Warm lead
Nicolas Costa,RetailHub,Diretor de Marketing,nicolas.costa1316,Curitiba,Evento 2026
Thiago Costa,RetailHub,VP Comercial,thiago.costa1317,Belo Horizonte,
Rafael Almeida,Voltare,Founder,rafael.almeida1318,Florianópolis,Warm lead
Gabriela Carvalho,Finovate,Growth Lead,gabriela.carvalho1319,Porto Alegre,
Xavier Barbosa,EduSpark,Head de Vendas,xavier.barbosa1320,Curitiba,Evento 2026
Nicolas Carvalho,Pinnacle BR,VP Comercial,nicolas.carvalho1321,Belo Horizonte,
Ana Barbosa,Nexora,CEO,ana.barbosa1322,Salvador,
Bruno Barbosa,LogiPrime,Founder,bruno.barbosa1323,Salvador,
Olivia Martins,Pinnacle BR,CTO,olivia.martins1324,Florianópolis,
Wendy Barbosa,Pinnacle BR,CMO,wendy.barbosa1325,Brasília,Evento 2026
Hugo Oliveira,Nexora,Growth Lead,hugo.oliveira1326,Porto Alegre,Indicação
Wendy Rocha,AgroTech,VP Comercial,wendy.rocha1327,Campinas,
Olivia Rocha,RetailHub,CMO,olivia.rocha1328,Recife,Indicação
Zeca Alves,HealthSync,Growth Lead,zeca.alves1329,São Paulo,
Marina Rodrigues,LogiPrime,CEO,marina.rodrigues1330,Porto Alegre,Warm lead
Yasmin Nascimento,EduSpark,VP Comercial,yasmin.nascimento1331,Florianópolis,
Zeca Pereira,RetailHub,CTO,zeca.pereira1332,Campinas,Evento 2026
Xavier Santos,LogiPrime,Diretor de Marketing,xavier.santos1333,São Paulo,
Marina Alves,Finovate,VP Comercial,marina.alves1334,São Paulo,Evento 2026
Lucas Costa,HealthSync,Account Executive,lucas.costa1335,Rio de Janeiro,
Wendy Pereira,Aurion,Diretor de Marketing,wendy.pereira1336,Curitiba,
Diego Martins,EduSpark,VP Comercial,diego.martins1337,Curitiba,Indicação
Karina Alves,MediaWave,Gerente Comercial,karina.alves1338,Florianópolis,Warm lead
Iris Santos,Voltare,Diretor de Marketing,iris.santos1339,Brasília,Warm lead
Pedro Gomes,LogiPrime,CTO,pedro.gomes1340,Salvador,
Vitor Ribeiro,MediaWave,Gerente Comercial,vitor.ribeiro1341,Salvador,
Lucas Oliveira,Pinnacle BR,Growth Lead,lucas.oliveira1342,Rio de Janeiro,
Marina Costa,Dataforge,CTO,marina.costa1343,Rio de Janeiro,Indicação
Iris Souza,EduSpark,CMO,iris.souza1344,Salvador,Indicação
Gabriela Gomes,HealthSync,CEO,gabriela.gomes1345,Porto Alegre,Warm lead
Vitor Ribeiro,MediaWave,CMO,vitor.ribeiro1346,Salvador,Evento 2026
Nicolas Rocha,EduSpark,CEO,nicolas.rocha1347,Porto Alegre,Indicação
Carla Silva,AgroTech,Head de Vendas,carla.silva1348,Florianópolis,Evento 2026
Nicolas Carvalho,Cloudwise,Diretor de Marketing,nicolas.carvalho1349,Salvador,
Vitor Gomes,AgroTech,Account Executive,vitor.gomes1350,Salvador,Warm lead
João Carvalho,Aurion,Gerente Comercial,joão.carvalho1351,Belo Horizonte,Evento 2026
Hugo Martins,Cloudwise,Gerente Comercial,hugo.martins1352,São Paulo,Indicação
Lucas Ferreira,Finovate,CMO,lucas.ferreira1353,Campinas,Indicação
Wendy Ribeiro,Dataforge,CMO,wendy.ribeiro1354,Belo Horizonte,Indicação
Felipe Almeida,Voltare,CEO,felipe.almeida1355,Brasília,
Elena Rocha,Dataforge,Diretor de Marketing,elena.rocha1356,Belo Horizonte,Indicação
Rafael Santos,HealthSync,Diretor de Marketing,rafael.santos1357,Brasília,Indicação
Lucas Rocha,LogiPrime,CMO,lucas.rocha1358,Florianópolis,Evento 2026
Diego Silva,MercadoÁgil,Growth Lead,diego.silva1359,Belo Horizonte,Warm lead
Karina Lima,Nexora,Account Executive,karina.lima1360,Florianópolis,Evento 2026
Ursula Ferreira,Finovate,Gerente Comercial,ursula.ferreira1361,Campinas,Indicação
Zeca Carvalho,EduSpark,Growth Lead,zeca.carvalho1362,Brasília,
Xavier Martins,MediaWave,CEO,xavier.martins1363,Belo Horizonte,
Diego Ferreira,Nexora,Founder,diego.ferreira1364,Campinas,Indicação
Olivia Alves,Voltare,Diretor de Marketing,olivia.alves1365,São Paulo,
Ursula Pereira,EcoBuild,Account Executive,ursula.pereira1366,Curitiba,Evento 2026
Gabriela Silva,Voltare,Account Executive,gabriela.silva1367,Salvador,
Queila Araújo,Pinnacle BR,Growth Lead,queila.araújo1368,Brasília,
Thiago Gomes,Nexora,Diretor de Marketing,thiago.gomes1369,Recife,Indicação
Wendy Barbosa,Cloudwise,Founder,wendy.barbosa1370,Brasília,
João Alves,Cloudwise,Gerente Comercial,joão.alves1371,Salvador,
Carla Pereira,EduSpark,Growth Lead,carla.pereira1372,Recife,Warm lead
João Costa,RetailHub,Founder,joão.costa1373,Recife,Indicação
Sofia Melo,Voltare,CMO,sofia.melo1374,Curitiba,Evento 2026
Pedro Gomes,Cloudwise,CTO,pedro.gomes1375,Campinas,Warm lead
Carla Silva,MercadoÁgil,Gerente Comercial,carla.silva1376,Recife,Indicação
Rafael Rocha,EduSpark,VP Comercial,rafael.rocha1377,Belo Horizonte,Indicação
Felipe Araújo,Dataforge,Account Executive,felipe.araújo1378,Salvador,
João Carvalho,Dataforge,Growth Lead,joão.carvalho1379,Florianópolis,Warm lead
Hugo Silva,RetailHub,CEO,hugo.silva1380,Belo Horizonte,Evento 2026
João Martins,Voltare,Gerente Comercial,joão.martins1381,Recife,Indicação
Pedro Almeida,Nexora,CTO,pedro.almeida1382,Porto Alegre,Warm lead
Carla Melo,EduSpark,Diretor de Marketing,carla.melo1383,Campinas,Warm lead
Sofia Barbosa,AgroTech,Gerente Comercial,sofia.barbosa1384,Salvador,
Lucas Gomes,EduSpark,VP Comercial,lucas.gomes1385,São Paulo,Evento 2026
Felipe Carvalho,Nexora,CMO,felipe.carvalho1386,Brasília,Warm lead
Wendy Lima,Cloudwise,CMO,wendy.lima1387,São Paulo,Evento 2026
Lucas Barbosa,HealthSync,Diretor de Marketing,lucas.barbosa1388,São Paulo,Evento 2026
João Gomes,HealthSync,CTO,joão.gomes1389,Florianópolis,Indicação
Yasmin Costa,RetailHub,CTO,yasmin.costa1390,Campinas,Indicação
Rafael Rodrigues,AgroTech,Diretor de Marketing,rafael.rodrigues1391,Porto Alegre,Evento 2026
Vitor Alves,Voltare,Account Executive,vitor.alves1392,Campinas,Evento 2026
Elena Silva,Aurion,Account Executive,elena.silva1393,Porto Alegre,Evento 2026
Yasmin Martins,MercadoÁgil,Diretor de Marketing,yasmin.martins1394,Belo Horizonte,
Gabriela Lima,LogiPrime,Head de Vendas,gabriela.lima1395,Curitiba,
Thiago Gomes,AgroTech,Account Executive,thiago.gomes1396,Florianópolis,
Nicolas Rocha,MediaWave,CTO,nicolas.rocha1397,Rio de Janeiro,Indicação
Ana Martins,Cloudwise,Gerente Comercial,ana.martins1398,Brasília,Indicação
Olivia Melo,LogiPrime,Diretor de Marketing,olivia.melo1399,Belo Horizonte,Evento 2026
Ana Souza,Pinnacle BR,CMO,ana.souza1400,Belo Horizonte,Indicação
João Lima,Pinnacle BR,CMO,joão.lima1401,Rio de Janeiro,Warm lead
Wendy Souza,Voltare,CEO,wendy.souza1402,Salvador,Warm lead
Bruno Pereira,Voltare,CEO,bruno.pereira1403,Florianópolis,
Bruno Martins,Voltare,Gerente Comercial,bruno.martins1404,São Paulo,
João Silva,RetailHub,CTO,joão.silva1405,Rio de Janeiro,
Gabriela Carvalho,MediaWave,Head de Vendas,gabriela.carvalho1406,Belo Horizonte,Evento 2026
Ana Oliveira,Aurion,Gerente Comercial,ana.oliveira1407,Campinas,Evento 2026
Lucas Costa,AgroTech,Account Executive,lucas.costa1408,Campinas,Indicação
Queila Carvalho,Voltare,CTO,queila.carvalho1409,Campinas,
Queila Pereira,EduSpark,Head de Vendas,queila.pereira1410,Porto Alegre,Indicação
Yasmin Ribeiro,Nexora,CTO,yasmin.ribeiro1411,Curitiba,
Wendy Martins,Cloudwise,VP Comercial,wendy.martins1412,Belo Horizonte,Warm lead
Vitor Souza,Aurion,Diretor de Marketing,vitor.souza1413,Recife,Warm lead
Gabriela Gomes,Pinnacle BR,Founder,gabriela.gomes1414,Rio de Janeiro,Evento 2026
Diego Rocha,Voltare,Account Executive,diego.rocha1415,Belo Horizonte,Warm lead
Yasmin Alves,EduSpark,Gerente Comercial,yasmin.alves1416,Florianópolis,
Carla Rodrigues,Finovate,CTO,carla.rodrigues1417,Recife,Evento 2026
Olivia Melo,EduSpark,Gerente Comercial,olivia.melo1418,Salvador,Indicação
Rafael Barbosa,Dataforge,Founder,rafael.barbosa1419,Curitiba,
Zeca Martins,HealthSync,Diretor de Marketing,zeca.martins1420,Belo Horizonte,
Vitor Martins,HealthSync,CTO,vitor.martins1421,Recife,Warm lead
Queila Oliveira,Voltare,CMO,queila.oliveira1422,Recife,Warm lead
Wendy Carvalho,Voltare,CMO,wendy.carvalho1423,Rio de Janeiro,Evento 2026
Gabriela Rodrigues,Pinnacle BR,VP Comercial,gabriela.rodrigues1424,Recife,
Hugo Barbosa,EduSpark,Growth Lead,hugo.barbosa1425,Porto Alegre,
Sofia Nascimento,RetailHub,Founder,sofia.nascimento1426,Brasília,Warm lead
Vitor Melo,MercadoÁgil,Growth Lead,vitor.melo1427,Florianópolis,Evento 2026
Elena Rocha,Voltare,CTO,elena.rocha1428,Porto Alegre,Warm lead
Pedro Almeida,HealthSync,CMO,pedro.almeida1429,São Paulo,
Xavier Santos,AgroTech,CTO,xavier.santos1430,Salvador,
Felipe Araújo,EcoBuild,Diretor de Marketing,felipe.araújo1431,Belo Horizonte,Evento 2026
Thiago Melo,Voltare,CTO,thiago.melo1432,Florianópolis,Warm lead
Zeca Rocha,Pinnacle BR,Gerente Comercial,zeca.rocha1433,Salvador,Warm lead
Queila Nascimento,LogiPrime,Diretor de Marketing,queila.nascimento1434,Florianópolis,
Ana Santos,MercadoÁgil,CTO,ana.santos1435,Recife,Warm lead
Karina Araújo,Finovate,Growth Lead,karina.araújo1436,São Paulo,
Felipe Ribeiro,HealthSync,Gerente Comercial,felipe.ribeiro1437,Belo Horizonte,Warm lead
Nicolas Lima,Dataforge,Founder,nicolas.lima1438,Salvador,
Sofia Martins,HealthSync,Account Executive,sofia.martins1439,Florianópolis,
Pedro Martins,LogiPrime,CMO,pedro.martins1440,Florianópolis,
Marina Nascimento,Finovate,VP Comercial,marina.nascimento1441,Recife,
Vitor Alves,RetailHub,Gerente Comercial,vitor.alves1442,Brasília,
Ana Carvalho,Nexora,CMO,ana.carvalho1443,Brasília,Evento 2026
Zeca Carvalho,Nexora,Diretor de Marketing,zeca.carvalho1444,Recife,
Nicolas Alves,Cloudwise,Founder,nicolas.alves1445,Brasília,
Vitor Almeida,Pinnacle BR,Head de Vendas,vitor.almeida1446,Porto Alegre,
Carla Oliveira,AgroTech,Gerente Comercial,carla.oliveira1447,Rio de Janeiro,Evento 2026
Felipe Silva,LogiPrime,Diretor de Marketing,felipe.silva1448,São Paulo,Warm lead
Vitor Barbosa,EcoBuild,Account Executive,vitor.barbosa1449,Recife,Evento 2026
Ana Martins,EcoBuild,CEO,ana.martins1450,Brasília,Warm lead
Sofia Araújo,Cloudwise,VP Comercial,sofia.araújo1451,Rio de Janeiro,Warm lead
Diego Pereira,Cloudwise,Growth Lead,diego.pereira1452,Florianópolis,Evento 2026
Felipe Melo,Dataforge,Diretor de Marketing,felipe.melo1453,Recife,Indicação
Pedro Oliveira,AgroTech,Account Executive,pedro.oliveira1454,Curitiba,Evento 2026
Iris Santos,Dataforge,VP Comercial,iris.santos1455,Recife,Indicação
Thiago Oliveira,EduSpark,VP Comercial,thiago.oliveira1456,Rio de Janeiro,
Karina Nascimento,Voltare,VP Comercial,karina.nascimento1457,Florianópolis,Warm lead
Nicolas Pereira,Cloudwise,CTO,nicolas.pereira1458,Porto Alegre,
Zeca Ferreira,MercadoÁgil,Account Executive,zeca.ferreira1459,Brasília,Indicação
Nicolas Araújo,Dataforge,VP Comercial,nicolas.araújo1460,Florianópolis,Warm lead
Vitor Ribeiro,Aurion,CEO,vitor.ribeiro1461,Florianópolis,Indicação
Sofia Martins,Pinnacle BR,Growth Lead,sofia.martins1462,Porto Alegre,
Zeca Melo,AgroTech,Founder,zeca.melo1463,Campinas,
Queila Pereira,Cloudwise,Growth Lead,queila.pereira1464,Belo Horizonte,Indicação
Elena Ferreira,AgroTech,Founder,elena.ferreira1465,Recife,Evento 2026
Carla Pereira,AgroTech,Founder,carla.pereira1466,Porto Alegre,Evento 2026
Ursula Costa,Dataforge,VP Comercial,ursula.costa1467,Curitiba,Warm lead
Hugo Souza,Aurion,Head de Vendas,hugo.souza1468,São Paulo,Indicação
Zeca Ferreira,Finovate,Growth Lead,zeca.ferreira1469,Florianópolis,Warm lead
Nicolas Santos,Pinnacle BR,CMO,nicolas.santos1470,Porto Alegre,Indicação
Ana Nascimento,RetailHub,Gerente Comercial,ana.nascimento1471,Florianópolis,Indicação
Ursula Santos,EduSpark,Growth Lead,ursula.santos1472,São Paulo,
Carla Rodrigues,EcoBuild,Gerente Comercial,carla.rodrigues1473,Rio de Janeiro,Warm lead
Lucas Oliveira,MercadoÁgil,CMO,lucas.oliveira1474,Curitiba,
Sofia Gomes,MediaWave,CTO,sofia.gomes1475,Florianópolis,
Yasmin Gomes,Dataforge,Growth Lead,yasmin.gomes1476,Rio de Janeiro,Indicação
Thiago Souza,RetailHub,Diretor de Marketing,thiago.souza1477,Brasília,
Xavier Araújo,RetailHub,Head de Vendas,xavier.araújo1478,Recife,Indicação
Elena Souza,Aurion,Head de Vendas,elena.souza1479,Porto Alegre,Warm lead
Nicolas Nascimento,AgroTech,VP Comercial,nicolas.nascimento1480,São Paulo,Warm lead
Rafael Alves,EduSpark,CTO,rafael.alves1481,Brasília,
Nicolas Martins,HealthSync,Head de Vendas,nicolas.martins1482,Porto Alegre,Indicação
Lucas Martins,EduSpark,Diretor de Marketing,lucas.martins1483,Porto Alegre,
Ursula Melo,Nexora,CEO,ursula.melo1484,Curitiba,Evento 2026
Rafael Araújo,Dataforge,Diretor de Marketing,rafael.araújo1485,Rio de Janeiro,
Hugo Rocha,MercadoÁgil,CEO,hugo.rocha1486,Recife,Evento 2026
João Oliveira,MediaWave,Head de Vendas,joão.oliveira1487,Porto Alegre,Indicação
Felipe Rocha,HealthSync,Diretor de Marketing,felipe.rocha1488,Recife,
Iris Oliveira,AgroTech,Growth Lead,iris.oliveira1489,Salvador,Warm lead
Karina Barbosa,MediaWave,CTO,karina.barbosa1490,Belo Horizonte,Evento 2026
Queila Oliveira,Cloudwise,Founder,queila.oliveira1491,Campinas,
Xavier Rodrigues,Finovate,CEO,xavier.rodrigues1492,São Paulo,Indicação
Ursula Rocha,RetailHub,CMO,ursula.rocha1493,São Paulo,Warm lead
Gabriela Ferreira,Cloudwise,VP Comercial,gabriela.ferreira1494,Rio de Janeiro,
Felipe Almeida,LogiPrime,CMO,felipe.almeida1495,Campinas,Warm lead
Zeca Rodrigues,Finovate,Growth Lead,zeca.rodrigues1496,Belo Horizonte,Evento 2026
Felipe Carvalho,AgroTech,Diretor de Marketing,felipe.carvalho1497,Porto Alegre,Indicação
Carla Barbosa,Cloudwise,CMO,carla.barbosa1498,Recife,Warm lead
Sofia Almeida,Nexora,CEO,sofia.almeida1499,Florianópolis,
Ursula Almeida,MediaWave,CTO,ursula.almeida1500,Salvador,Indicação
